SIMULATION,2.1.0.0.0,Sensitivity: 1,Landscape seed: -1040059906,Starting Location[0.0.0.1.0],K Value:2
GENERATION,0
STRATEGY_ROW,Walk,Look,Walk,Walk,Walk,Walk,Walk,Look,Walk,Look,Look,Walk,Look,Walk,Look,Walk,Look,Walk,Look,Walk
FITNESS_ROW,0.04283680375084591,0.04283680375084591,0.145631383212141,0.1097709604978932,0.10843196592483675,0.1211673274143203,0.12358136553739522,0.12358136553739522,0.15162742403882684,0.15162742403882684,0.15162742403882684,0.2715191892968026,0.2715191892968026,0.38784144076954186,0.38784144076954186,0.4491580622518794,0.4491580622518794,0.4857426973168981,0.4857426973168981,0.4857426973168981
COMPARISON_STRATEGIES
PureWalk
STRATEGY_ROW,Walk,Walk,Walk,Walk,Walk,Walk,Walk,Walk,Walk,Walk,Walk,Walk,Walk,Walk,Walk,Walk,Walk,Walk,Walk,Walk
FITNESS_ROW,0.05188035570900084,0.11191598838828459,0.09616616560913385,0.10576139049753007,0.10463925962803032,0.09705537770855678,0.10480328317254728,0.0969188081805347,0.11537183455751676,0.10244358384702133,0.09998670365116666,0.0969823108463714,0.11490177716702937,0.09213014952923451,0.10514096229158043,0.10129501082030183,0.10374416251351669,0.09679569708839623,0.11525088647262023,0.0916983026098918
Steep Hill Climb
STRATEGY_ROW,Look,Look,Look,Look,Look,Walk,Look,Look,Look,Look,Look,Walk,Look,Look,Look,Look,Look,Walk
FITNESS_ROW,0.12401968534773375,0.12401968534773375,0.12401968534773375,0.12401968534773375,0.12401968534773375,0.12401968534773375,0.12401968534773375,0.12401968534773375,0.12401968534773375,0.12401968534773375,0.12401968534773375,0.12401968534773375,0.12401968534773375,0.12401968534773375,0.12401968534773375,0.12401968534773375,0.12401968534773375,0.12401968534773375
AlternateLookWalk
STRATEGY_ROW,Walk,Look,Look,Look,Look,Look,Walk,Look,Look,Look,Look,Look,Walk
FITNESS_ROW,0.051135354010358125,0.051135354010358125,0.051135354010358125,0.051135354010358125,0.051135354010358125,0.051135354010358125,0.40052734332157663,0.40052734332157663,0.40052734332157663,0.40052734332157663,0.40052734332157663,0.40052734332157663,0.5563156353744622
SIMULATION,2.1.1.0.0,Sensitivity: 1,Landscape seed: -1504743852,Starting Location[1.1.0.1.1],K Value:2
GENERATION,0
STRATEGY_ROW,Walk,Look,Walk,Look,Look,Walk,Look,Walk,Walk,Walk,Walk,Look,Look,Look,Walk,Look,Look,Look,Look,Walk
FITNESS_ROW,0.1006665849474998,0.1006665849474998,0.1457491998400399,0.1457491998400399,0.1457491998400399,0.27387858009135796,0.27387858009135796,0.37156579900709763,0.06893763968952953,0.12356608611147525,0.14057433771977357,0.14057433771977357,0.14057433771977357,0.14057433771977357,0.3669917227901077,0.3669917227901077,0.3669917227901077,0.3669917227901077,0.3669917227901077,0.5727503017132387
COMPARISON_STRATEGIES
PureWalk
STRATEGY_ROW,Walk,Walk,Walk,Walk,Walk,Walk,Walk,Walk,Walk,Walk,Walk,Walk,Walk,Walk,Walk,Walk,Walk,Walk,Walk,Walk
FITNESS_ROW,0.09554272505395271,0.062466411854665026,0.09323829121449016,0.0648472504812848,0.10366974790148921,0.060200600144696054,0.09915350097219372,0.06487046108467351,0.09370067374975578,0.05918684663029883,0.08483289089695134,0.05343210567380548,0.08261315496663049,0.06017152377788529,0.09787599020173449,0.05890766585896012,0.09465107702044785,0.06083349368920222,0.10981265549864816,0.06353130681336686
Steep Hill Climb
STRATEGY_ROW,Look,Look,Look,Look,Look,Walk,Look,Look,Look,Look,Look,Walk,Look,Look,Look,Look,Look,Walk
FITNESS_ROW,0.0025274065973697607,0.0025274065973697607,0.0025274065973697607,0.0025274065973697607,0.0025274065973697607,0.32034129224430186,0.32034129224430186,0.32034129224430186,0.32034129224430186,0.32034129224430186,0.32034129224430186,0.42823973871644294,0.42823973871644294,0.42823973871644294,0.42823973871644294,0.42823973871644294,0.42823973871644294,0.42823973871644294
AlternateLookWalk
STRATEGY_ROW,Walk,Look,Look,Look,Look,Look,Walk,Look,Look,Look,Look,Look,Walk
FITNESS_ROW,0.09988553222222898,0.09988553222222898,0.09988553222222898,0.09988553222222898,0.09988553222222898,0.09988553222222898,0.27171507114761184,0.27171507114761184,0.27171507114761184,0.27171507114761184,0.27171507114761184,0.27171507114761184,0.6286109292465066
SIMULATION,2.1.2.0.0,Sensitivity: 1,Landscape seed: -2107165721,Starting Location[1.0.1.1.0],K Value:2
GENERATION,0
STRATEGY_ROW,Look,Look,Walk,Walk,Walk,Look,Walk,Look,Look,Walk,Look,Walk,Walk,Look,Look,Look,Look,Walk,Look,Walk
FITNESS_ROW,4.736201725350964E-5,4.736201725350964E-5,0.08997054168098252,0.016421353753497812,0.0640593256760888,0.0640593256760888,0.10616389118656898,0.10616389118656898,0.10616389118656898,0.33081997586117545,0.33081997586117545,0.37531869203275653,0.04757094503593783,0.04757094503593783,0.04757094503593783,0.04757094503593783,0.04757094503593783,0.43674367491972005,0.43674367491972005,0.44452656261249573
COMPARISON_STRATEGIES
PureWalk
STRATEGY_ROW,Walk,Walk,Walk,Walk,Walk,Walk,Walk,Walk,Walk,Walk,Walk,Walk,Walk,Walk,Walk,Walk,Walk,Walk,Walk,Walk
FITNESS_ROW,0.048656748570604695,0.09938435432747927,0.054905198129535836,0.08501735977387785,0.053636448693888804,0.08738322744542563,0.05358384103338639,0.07263717722778334,0.052168644819963854,0.08629788230987605,0.048657550213093446,0.06835390818319131,0.050573591294687456,0.07592708094044309,0.046617140451721426,0.07501305004833975,0.04917914165928945,0.07798548728106897,0.04567701339758528,0.07634708822276225
Steep Hill Climb
STRATEGY_ROW,Look,Look,Look,Look,Look,Walk,Look,Look,Look,Look,Look,Walk,Look,Look,Look,Look,Look,Walk
FITNESS_ROW,4.736201725350864E-5,4.736201725350864E-5,4.736201725350864E-5,4.736201725350864E-5,4.736201725350864E-5,0.21195859429004474,0.21195859429004474,0.21195859429004474,0.21195859429004474,0.21195859429004474,0.21195859429004474,0.21195859429004474,0.21195859429004474,0.21195859429004474,0.21195859429004474,0.21195859429004474,0.21195859429004474,0.21195859429004474
AlternateLookWalk
STRATEGY_ROW,Walk,Look,Look,Look,Look,Look,Walk,Look,Look,Look,Look,Look,Walk
FITNESS_ROW,0.03995577223680508,0.03995577223680508,0.03995577223680508,0.03995577223680508,0.03995577223680508,0.03995577223680508,0.5090554010235595,0.5090554010235595,0.5090554010235595,0.5090554010235595,0.5090554010235595,0.5090554010235595,0.5500265720850852
SIMULATION,2.1.3.0.0,Sensitivity: 1,Landscape seed: 1162750850,Starting Location[1.1.0.0.1],K Value:2
GENERATION,0
STRATEGY_ROW,Walk,Walk,Walk,Walk,Walk,Look,Look,Look,Look,Look,Look,Look,Look,Walk,Look,Look,Look,Look,Walk,Look
FITNESS_ROW,0.016888526141037922,0.1243774268270893,0.06419195834166039,0.10604514772449831,0.056425598450840664,0.056425598450840664,0.056425598450840664,0.056425598450840664,0.056425598450840664,0.056425598450840664,0.056425598450840664,0.056425598450840664,0.056425598450840664,0.44989394129440585,0.44989394129440585,0.44989394129440585,0.44989394129440585,0.44989394129440585,0.45037469048199374,0.45037469048199374
COMPARISON_STRATEGIES
PureWalk
STRATEGY_ROW,Walk,Walk,Walk,Walk,Walk,Walk,Walk,Walk,Walk,Walk,Walk,Walk,Walk,Walk,Walk,Walk,Walk,Walk,Walk,Walk
FITNESS_ROW,0.017097046000506103,0.10013620501010118,0.05581636072388404,0.12482264148451036,0.06234060990569978,0.15896371764055955,0.07030025963153833,0.14100410013195716,0.059535926809275184,0.1513809985527457,0.06432025295452073,0.16812646759622876,0.06933473522437217,0.1428150159067049,0.06875960090991423,0.16113013482657035,0.06872209443493513,0.15048743276061416,0.06994359528388824,0.1440717739442441
Steep Hill Climb
STRATEGY_ROW,Look,Look,Look,Look,Look,Walk,Look,Look,Look,Look,Look,Walk,Look,Look,Look,Look,Look,Walk
FITNESS_ROW,9.967901206673557E-4,9.967901206673557E-4,9.967901206673557E-4,9.967901206673557E-4,9.967901206673557E-4,0.04714854161605801,0.04714854161605801,0.04714854161605801,0.04714854161605801,0.04714854161605801,0.04714854161605801,0.31525881292562363,0.31525881292562363,0.31525881292562363,0.31525881292562363,0.31525881292562363,0.31525881292562363,0.31926505615552825
AlternateLookWalk
STRATEGY_ROW,Walk,Look,Look,Look,Look,Look,Walk,Look,Look,Look,Look,Look,Walk
FITNESS_ROW,0.016817801266170006,0.016817801266170006,0.016817801266170006,0.016817801266170006,0.016817801266170006,0.016817801266170006,0.34071738868172685,0.34071738868172685,0.34071738868172685,0.34071738868172685,0.34071738868172685,0.34071738868172685,0.34230386100076976
SIMULATION,2.1.4.0.0,Sensitivity: 1,Landscape seed: -1740612025,Starting Location[1.0.0.1.1],K Value:2
GENERATION,0
STRATEGY_ROW,Look,Walk,Look,Look,Walk,Look,Look,Look,Walk,Walk,Walk,Walk,Look,Look,Look,Walk,Look,Look,Look,Walk
FITNESS_ROW,0.015061544445557016,0.027866014367765653,0.027866014367765653,0.027866014367765653,0.08592424132448885,0.08592424132448885,0.08592424132448885,0.08592424132448885,0.3015826561194154,0.11864016926547856,0.11512816828400046,0.12470076886235085,0.12470076886235085,0.12470076886235085,0.12470076886235085,0.31899030117939936,0.31899030117939936,0.31899030117939936,0.31899030117939936,0.428115960488866
COMPARISON_STRATEGIES
PureWalk
STRATEGY_ROW,Walk,Walk,Walk,Walk,Walk,Walk,Walk,Walk,Walk,Walk,Walk,Walk,Walk,Walk,Walk,Walk,Walk,Walk,Walk,Walk
FITNESS_ROW,0.024112950670224415,0.09803057214558654,0.04312909078601692,0.09009214191570145,0.0480378063644917,0.08016518264971964,0.04321006468472555,0.08594700454090265,0.0447434542266993,0.10512073560180409,0.046612007153782005,0.09841623201440929,0.04838128496678821,0.09083332686350494,0.042158766641708784,0.07939269183057178,0.04738845795409881,0.08743964322952401,0.042903846514317154,0.09590401270074543
Steep Hill Climb
STRATEGY_ROW,Look,Look,Look,Look,Look,Walk,Look,Look,Look,Look,Look,Walk,Look,Look,Look,Look,Look,Walk
FITNESS_ROW,0.015061544445556786,0.015061544445556786,0.015061544445556786,0.015061544445556786,0.015061544445556786,0.06534281340855407,0.06534281340855407,0.06534281340855407,0.06534281340855407,0.06534281340855407,0.06534281340855407,0.07905221246114848,0.07905221246114848,0.07905221246114848,0.07905221246114848,0.07905221246114848,0.07905221246114848,0.3426344683970959
AlternateLookWalk
STRATEGY_ROW,Walk,Look,Look,Look,Look,Look,Walk,Look,Look,Look,Look,Look,Walk
FITNESS_ROW,0.024847524260803448,0.024847524260803448,0.024847524260803448,0.024847524260803448,0.024847524260803448,0.024847524260803448,0.43516164543626057,0.43516164543626057,0.43516164543626057,0.43516164543626057,0.43516164543626057,0.43516164543626057,0.5488960363307757
SIMULATION,2.1.5.0.0,Sensitivity: 1,Landscape seed: -910555863,Starting Location[1.0.0.0.0],K Value:2
GENERATION,0
STRATEGY_ROW,Look,Look,Look,Look,Walk,Walk,Walk,Look,Walk,Walk,Walk,Walk,Walk,Walk,Look,Walk,Look,Look,Look,Walk
FITNESS_ROW,0.0010639079475345296,0.0010639079475345296,0.0010639079475345296,0.0010639079475345296,0.49281768922467,0.07864335355275384,0.1204324671532161,0.1204324671532161,0.2127882199706318,0.12476421566054263,0.17268586419546758,0.09695303028347281,0.07731510297688304,0.1554573466052619,0.1554573466052619,0.336763736525271,0.336763736525271,0.336763736525271,0.336763736525271,0.5866836073620004
COMPARISON_STRATEGIES
PureWalk
STRATEGY_ROW,Walk,Walk,Walk,Walk,Walk,Walk,Walk,Walk,Walk,Walk,Walk,Walk,Walk,Walk,Walk,Walk,Walk,Walk,Walk,Walk
FITNESS_ROW,0.14416480490690461,0.07295684161227853,0.13155846031018065,0.10752290906652606,0.1391748389524264,0.10353581839656795,0.1237901218360658,0.10661789629696244,0.12279506039390384,0.10581908283529713,0.09851761968301481,0.11377464155149072,0.13268981736638225,0.10828962787120555,0.11738563203076693,0.10629159727851373,0.11819447092719695,0.10821262374692708,0.12666518633379595,0.10395963219649576
Steep Hill Climb
STRATEGY_ROW,Look,Look,Look,Look,Look,Walk,Look,Look,Look,Look,Look,Walk,Look,Look,Look,Look,Look,Walk
FITNESS_ROW,0.0010639079475345263,0.0010639079475345263,0.0010639079475345263,0.0010639079475345263,0.0010639079475345263,0.6792720340140563,0.6792720340140563,0.6792720340140563,0.6792720340140563,0.6792720340140563,0.6792720340140563,0.6792720340140563,0.6792720340140563,0.6792720340140563,0.6792720340140563,0.6792720340140563,0.6792720340140563,0.6792720340140563
AlternateLookWalk
STRATEGY_ROW,Walk,Look,Look,Look,Look,Look,Walk,Look,Look,Look,Look,Look,Walk
FITNESS_ROW,0.142125605962098,0.142125605962098,0.142125605962098,0.142125605962098,0.142125605962098,0.142125605962098,0.3917950116066282,0.3917950116066282,0.3917950116066282,0.3917950116066282,0.3917950116066282,0.3917950116066282,0.7354816493358789
SIMULATION,2.1.6.0.0,Sensitivity: 1,Landscape seed: 419822154,Starting Location[1.1.0.1.0],K Value:2
GENERATION,0
STRATEGY_ROW,Look,Walk,Look,Walk,Walk,Look,Look,Walk,Look,Look,Walk,Walk,Walk,Walk,Look,Look,Walk,Look,Look,Walk
FITNESS_ROW,0.1055627183208932,0.21194078048577075,0.21194078048577075,0.28761004506476406,0.1032909302072527,0.1032909302072527,0.1032909302072527,0.202732880349196,0.202732880349196,0.202732880349196,0.30679705822905734,0.14593961212180134,0.16978241145569278,0.13053036468943524,0.13053036468943524,0.13053036468943524,0.302580192586459,0.302580192586459,0.302580192586459,0.4020819903647101
COMPARISON_STRATEGIES
PureWalk
STRATEGY_ROW,Walk,Walk,Walk,Walk,Walk,Walk,Walk,Walk,Walk,Walk,Walk,Walk,Walk,Walk,Walk,Walk,Walk,Walk,Walk,Walk
FITNESS_ROW,0.10912196832378464,0.12178568746339548,0.06117035451598718,0.09789781540183114,0.05674523217876475,0.105853359139266,0.04502131752780522,0.09960835383082019,0.04473794159637708,0.08705945801294612,0.044299353214662135,0.10711943922137085,0.0485706651081645,0.10030919990223366,0.04739980126377702,0.09978813924540886,0.05116717503312324,0.10502062465681943,0.04313760897060616,0.09492778629741817
Steep Hill Climb
STRATEGY_ROW,Look,Look,Look,Look,Look,Walk,Look,Look,Look,Look,Look,Walk,Look,Look,Look,Look,Look,Walk
FITNESS_ROW,0.10556271832089369,0.10556271832089369,0.10556271832089369,0.10556271832089369,0.10556271832089369,0.43799416258612445,0.43799416258612445,0.43799416258612445,0.43799416258612445,0.43799416258612445,0.43799416258612445,1.0,1.0,1.0,1.0,1.0,1.0,1.0
AlternateLookWalk
STRATEGY_ROW,Walk,Look,Look,Look,Look,Look,Walk,Look,Look,Look,Look,Look,Walk
FITNESS_ROW,0.10866329474819586,0.10866329474819586,0.10866329474819586,0.10866329474819586,0.10866329474819586,0.10866329474819586,0.4821297948236367,0.4821297948236367,0.4821297948236367,0.4821297948236367,0.4821297948236367,0.4821297948236367,0.6560524275027121
SIMULATION,2.1.7.0.0,Sensitivity: 1,Landscape seed: -1075173043,Starting Location[0.1.1.1.1],K Value:2
GENERATION,0
STRATEGY_ROW,Look,Walk,Look,Walk,Walk,Look,Walk,Walk,Look,Walk,Look,Walk,Look,Walk,Look,Look,Look,Look,Look,Look
FITNESS_ROW,0.08480316616393474,0.9633921266465575,0.9633921266465575,0.9633921266465575,0.08520935081256038,0.08520935081256038,0.2602507947411264,0.15963354867174634,0.15963354867174634,0.2544584945357423,0.2544584945357423,0.37159632861175645,0.37159632861175645,0.5312833514406605,0.5312833514406605,0.5312833514406605,0.5312833514406605,0.5312833514406605,0.5312833514406605,0.5312833514406605
COMPARISON_STRATEGIES
PureWalk
STRATEGY_ROW,Walk,Walk,Walk,Walk,Walk,Walk,Walk,Walk,Walk,Walk,Walk,Walk,Walk,Walk,Walk,Walk,Walk,Walk,Walk,Walk
FITNESS_ROW,0.2484705737252425,0.046260493643754154,0.13098072245108985,0.03423460829958947,0.09450310813550611,0.03159265147387303,0.09165871398613695,0.031131017290140426,0.09822681626299512,0.027502491652030808,0.07919476055294242,0.025653421479460946,0.07789211682478243,0.028338544147409127,0.07963827147864741,0.02966260081143345,0.09569823659075799,0.02501592168970693,0.08576528809065591,0.02819351839107729
Steep Hill Climb
STRATEGY_ROW,Look,Look,Look,Look,Look,Walk,Look,Look,Look,Look,Look,Walk,Look,Look,Look,Look,Look,Walk
FITNESS_ROW,0.08480316616393577,0.08480316616393577,0.08480316616393577,0.08480316616393577,0.08480316616393577,1.0,1.0,1.0,1.0,1.0,1.0,1.0,1.0,1.0,1.0,1.0,1.0,1.0
AlternateLookWalk
STRATEGY_ROW,Walk,Look,Look,Look,Look,Look,Walk,Look,Look,Look,Look,Look,Walk
FITNESS_ROW,0.22885585684147486,0.22885585684147486,0.22885585684147486,0.22885585684147486,0.22885585684147486,0.22885585684147486,0.2947173071055778,0.2947173071055778,0.2947173071055778,0.2947173071055778,0.2947173071055778,0.2947173071055778,1.0
SIMULATION,2.1.8.0.0,Sensitivity: 1,Landscape seed: 386683427,Starting Location[1.1.0.1.0],K Value:2
GENERATION,0
STRATEGY_ROW,Look,Walk,Look,Walk,Look,Look,Walk,Walk,Look,Look,Walk,Walk,Look,Walk,Look,Look,Look,Look,Look,Walk
FITNESS_ROW,1.0,1.0,1.0,1.0,1.0,1.0,1.0,0.010941722475707603,0.010941722475707603,0.010941722475707603,0.44804866924100717,0.08702714817149944,0.08702714817149944,0.285688541643623,0.285688541643623,0.285688541643623,0.285688541643623,0.285688541643623,0.285688541643623,0.6483834754365312
COMPARISON_STRATEGIES
PureWalk
STRATEGY_ROW,Walk,Walk,Walk,Walk,Walk,Walk,Walk,Walk,Walk,Walk,Walk,Walk,Walk,Walk,Walk,Walk,Walk,Walk,Walk,Walk
FITNESS_ROW,0.010920354273194847,0.2075925738706166,0.009227766346484426,0.09548400618934665,0.008504445862646225,0.0702459621959769,0.008728248758832224,0.07293377865970449,0.007750144763406561,0.07440270512036476,0.008013076600896346,0.06907288545736755,0.007972183660124093,0.06309527228668342,0.007981277630491569,0.07138558415558961,0.008277598520791447,0.07030127579674687,0.008947151714935804,0.07445727680106114
Steep Hill Climb
STRATEGY_ROW,Look,Look,Look,Look,Look,Walk,Look,Look,Look,Look,Look,Walk,Look,Look,Look,Look,Look,Walk
FITNESS_ROW,1.0,1.0,1.0,1.0,1.0,1.0,1.0,1.0,1.0,1.0,1.0,1.0,1.0,1.0,1.0,1.0,1.0,1.0
AlternateLookWalk
STRATEGY_ROW,Walk,Look,Look,Look,Look,Look,Walk,Look,Look,Look,Look,Look,Walk
FITNESS_ROW,0.010746979333861338,0.010746979333861338,0.010746979333861338,0.010746979333861338,0.010746979333861338,0.010746979333861338,1.0,1.0,1.0,1.0,1.0,1.0,1.0
SIMULATION,2.1.9.0.0,Sensitivity: 1,Landscape seed: 1938791280,Starting Location[0.0.1.1.1],K Value:2
GENERATION,0
STRATEGY_ROW,Look,Look,Look,Walk,Look,Look,Walk,Walk,Walk,Walk,Look,Look,Walk,Look,Walk,Look,Look,Look,Look,Look
FITNESS_ROW,3.447430366453178E-4,3.447430366453178E-4,3.447430366453178E-4,0.014293029554181975,0.014293029554181975,0.014293029554181975,0.04732504759116922,0.016960484902401225,0.02683663681535873,0.015090933619492947,0.015090933619492947,0.015090933619492947,0.04755172002881713,0.04755172002881713,0.16499840548481104,0.16499840548481104,0.16499840548481104,0.16499840548481104,0.16499840548481104,0.16499840548481104
COMPARISON_STRATEGIES
PureWalk
STRATEGY_ROW,Walk,Walk,Walk,Walk,Walk,Walk,Walk,Walk,Walk,Walk,Walk,Walk,Walk,Walk,Walk,Walk,Walk,Walk,Walk,Walk
FITNESS_ROW,0.0034572056310180088,0.017227348190656185,0.058999289211956824,0.020119602290966716,0.057227710809934364,0.020810293184972493,0.07253991637097831,0.02006544529732318,0.0771632599764592,0.018210218337365358,0.06862897392509681,0.020489304349621748,0.08359013204335179,0.018712792955417126,0.06541525261682332,0.020410061801218366,0.07101542436577377,0.022642908694048083,0.0745166834497089,0.02114521233465931
Steep Hill Climb
STRATEGY_ROW,Look,Look,Look,Look,Look,Walk,Look,Look,Look,Look,Look,Walk,Look,Look,Look,Look,Look,Walk
FITNESS_ROW,3.447430366453187E-4,3.447430366453187E-4,3.447430366453187E-4,3.447430366453187E-4,3.447430366453187E-4,0.014293029554181758,0.014293029554181758,0.014293029554181758,0.014293029554181758,0.014293029554181758,0.014293029554181758,0.10385512049191557,0.10385512049191557,0.10385512049191557,0.10385512049191557,0.10385512049191557,0.10385512049191557,0.10385512049191557
AlternateLookWalk
STRATEGY_ROW,Walk,Look,Look,Look,Look,Look,Walk,Look,Look,Look,Look,Look,Walk
FITNESS_ROW,0.0029418902852683887,0.0029418902852683887,0.0029418902852683887,0.0029418902852683887,0.0029418902852683887,0.0029418902852683887,0.07933119156449916,0.07933119156449916,0.07933119156449916,0.07933119156449916,0.07933119156449916,0.07933119156449916,0.6630495253049652
SIMULATION,2.1.10.0.0,Sensitivity: 1,Landscape seed: -577054600,Starting Location[0.0.1.0.0],K Value:2
GENERATION,0
STRATEGY_ROW,Look,Look,Walk,Walk,Walk,Walk,Walk,Walk,Look,Look,Walk,Look,Look,Walk,Look,Walk,Look,Walk,Look,Walk
FITNESS_ROW,0.13887844912249336,0.13887844912249336,0.5813268163181372,0.05764297222429938,0.24274476179089752,0.046421408944814474,0.05289824512477634,0.053962710291220975,0.053962710291220975,0.053962710291220975,0.2936504345552188,0.2936504345552188,0.2936504345552188,0.38176323984026667,0.38176323984026667,0.44774181268677277,0.44774181268677277,0.5285218860546697,0.5285218860546697,0.5415076068508027
COMPARISON_STRATEGIES
PureWalk
STRATEGY_ROW,Walk,Walk,Walk,Walk,Walk,Walk,Walk,Walk,Walk,Walk,Walk,Walk,Walk,Walk,Walk,Walk,Walk,Walk,Walk,Walk
FITNESS_ROW,0.334062073817657,0.09627519357543667,0.18492613266917649,0.07912064558930348,0.1398021719756892,0.06796040368419577,0.1311103142727009,0.062354184201538175,0.10815900470575641,0.062174966621422995,0.11605750941410096,0.06925135914684871,0.11062879586665444,0.06729399597200279,0.11543928716573482,0.06465548914798772,0.11364101114806519,0.061679045898952414,0.12109329021157614,0.05916122999254509
Steep Hill Climb
STRATEGY_ROW,Look,Look,Look,Look,Look,Walk,Look,Look,Look,Look,Look,Walk,Look,Look,Look,Look,Look,Walk
FITNESS_ROW,0.13887844912249117,0.13887844912249117,0.13887844912249117,0.13887844912249117,0.13887844912249117,1.0,1.0,1.0,1.0,1.0,1.0,1.0,1.0,1.0,1.0,1.0,1.0,1.0
AlternateLookWalk
STRATEGY_ROW,Walk,Look,Look,Look,Look,Look,Walk,Look,Look,Look,Look,Look,Walk
FITNESS_ROW,0.33280583476495906,0.33280583476495906,0.33280583476495906,0.33280583476495906,0.33280583476495906,0.33280583476495906,0.4969460421638055,0.4969460421638055,0.4969460421638055,0.4969460421638055,0.4969460421638055,0.4969460421638055,0.4969460421638055
SIMULATION,2.1.11.0.0,Sensitivity: 1,Landscape seed: -1837274786,Starting Location[1.1.0.0.1],K Value:2
GENERATION,0
STRATEGY_ROW,Look,Walk,Walk,Walk,Look,Look,Look,Look,Look,Walk,Look,Look,Look,Look,Look,Look,Look,Look,Look,Walk
FITNESS_ROW,0.00723747371372496,0.009383574701895487,0.08267184366118388,0.1024719607964092,0.1024719607964092,0.1024719607964092,0.1024719607964092,0.1024719607964092,0.1024719607964092,0.3213891698072951,0.3213891698072951,0.3213891698072951,0.3213891698072951,0.3213891698072951,0.3213891698072951,0.3213891698072951,0.3213891698072951,0.3213891698072951,0.3213891698072951,0.7212142175748909
COMPARISON_STRATEGIES
PureWalk
STRATEGY_ROW,Walk,Walk,Walk,Walk,Walk,Walk,Walk,Walk,Walk,Walk,Walk,Walk,Walk,Walk,Walk,Walk,Walk,Walk,Walk,Walk
FITNESS_ROW,0.00419459657851666,0.08697162485742238,0.013812346138222667,0.08256116203085707,0.014886417259867016,0.0774838333198751,0.014242051329938894,0.08661290312068855,0.012999800015189975,0.07165201936392279,0.014790933908047381,0.08824760547577201,0.016014023757702424,0.08025849595141503,0.012654251801368832,0.06951618802172116,0.01470922777932078,0.08079077584637481,0.013536348687636124,0.07276641669949689
Steep Hill Climb
STRATEGY_ROW,Look,Look,Look,Look,Look,Walk,Look,Look,Look,Look,Look,Walk,Look,Look,Look,Look,Look,Walk
FITNESS_ROW,0.007237473713725027,0.007237473713725027,0.007237473713725027,0.007237473713725027,0.007237473713725027,0.014902120100048315,0.014902120100048315,0.014902120100048315,0.014902120100048315,0.014902120100048315,0.014902120100048315,1.0,1.0,1.0,1.0,1.0,1.0,1.0
AlternateLookWalk
STRATEGY_ROW,Walk,Look,Look,Look,Look,Look,Walk,Look,Look,Look,Look,Look,Walk
FITNESS_ROW,0.004256521970514199,0.004256521970514199,0.004256521970514199,0.004256521970514199,0.004256521970514199,0.004256521970514199,0.45247413733546155,0.45247413733546155,0.45247413733546155,0.45247413733546155,0.45247413733546155,0.45247413733546155,0.4553177211447892
SIMULATION,2.1.12.0.0,Sensitivity: 1,Landscape seed: -1254876536,Starting Location[1.1.1.0.0],K Value:2
GENERATION,0
STRATEGY_ROW,Look,Look,Walk,Walk,Look,Look,Look,Look,Walk,Walk,Look,Walk,Look,Look,Look,Look,Look,Look,Look,Walk
FITNESS_ROW,0.03570115140520738,0.03570115140520738,0.1337700225126523,0.07920385354906359,0.07920385354906359,0.07920385354906359,0.07920385354906359,0.07920385354906359,0.32722703159577177,0.10505573522743925,0.10505573522743925,0.15066198031428824,0.15066198031428824,0.15066198031428824,0.15066198031428824,0.15066198031428824,0.15066198031428824,0.15066198031428824,0.15066198031428824,0.46139219690118094
COMPARISON_STRATEGIES
PureWalk
STRATEGY_ROW,Walk,Walk,Walk,Walk,Walk,Walk,Walk,Walk,Walk,Walk,Walk,Walk,Walk,Walk,Walk,Walk,Walk,Walk,Walk,Walk
FITNESS_ROW,0.06552570848013176,0.048839320687648125,0.08635941734705568,0.04876230439232242,0.10336073656092179,0.05301191431273366,0.0973208797843081,0.05285739524879,0.09971209196414992,0.048820103810678875,0.09088742489047029,0.05292354984551756,0.10047175681359591,0.053293523087935626,0.08864770113275237,0.05423037245202248,0.09606306741311763,0.051071977334631265,0.09223091690085548,0.05317473834378765
Steep Hill Climb
STRATEGY_ROW,Look,Look,Look,Look,Look,Walk,Look,Look,Look,Look,Look,Walk,Look,Look,Look,Look,Look,Walk
FITNESS_ROW,0.03570115140520678,0.03570115140520678,0.03570115140520678,0.03570115140520678,0.03570115140520678,0.2576341324512728,0.2576341324512728,0.2576341324512728,0.2576341324512728,0.2576341324512728,0.2576341324512728,0.3065739953732039,0.3065739953732039,0.3065739953732039,0.3065739953732039,0.3065739953732039,0.3065739953732039,1.0
AlternateLookWalk
STRATEGY_ROW,Walk,Look,Look,Look,Look,Look,Walk,Look,Look,Look,Look,Look,Walk
FITNESS_ROW,0.07100146395843099,0.07100146395843099,0.07100146395843099,0.07100146395843099,0.07100146395843099,0.07100146395843099,0.17782226352292893,0.17782226352292893,0.17782226352292893,0.17782226352292893,0.17782226352292893,0.17782226352292893,0.47608439995150476
SIMULATION,2.1.13.0.0,Sensitivity: 1,Landscape seed: -1216536977,Starting Location[1.1.1.0.0],K Value:2
GENERATION,0
STRATEGY_ROW,Look,Look,Look,Walk,Look,Walk,Look,Walk,Look,Walk,Walk,Look,Look,Walk,Look,Walk,Look,Look,Look,Walk
FITNESS_ROW,0.08108903951750099,0.08108903951750099,0.08108903951750099,0.39556868152956776,0.39556868152956776,0.4255658600602683,0.4255658600602683,0.4555630385909689,0.4555630385909689,0.5173758526843529,0.15288216753472683,0.15288216753472683,0.15288216753472683,0.43820302540718636,0.43820302540718636,0.4528515592785148,0.4528515592785148,0.4528515592785148,0.4528515592785148,0.577534931812661
COMPARISON_STRATEGIES
PureWalk
STRATEGY_ROW,Walk,Walk,Walk,Walk,Walk,Walk,Walk,Walk,Walk,Walk,Walk,Walk,Walk,Walk,Walk,Walk,Walk,Walk,Walk,Walk
FITNESS_ROW,0.2214253515471597,0.14074179364794798,0.18202570985206679,0.1401445897282504,0.1465120937421568,0.14569706827355747,0.14799708766818978,0.13774259155382382,0.1501025279675694,0.1251039293381788,0.14467244813531405,0.13691737352992797,0.13666206221155874,0.1222067793170747,0.13662179912303188,0.11702033622285521,0.1371056315630231,0.12413617656853088,0.1429585794598656,0.12626112643410994
Steep Hill Climb
STRATEGY_ROW,Look,Look,Look,Look,Look,Walk,Look,Look,Look,Look,Look,Walk,Look,Look,Look,Look,Look,Walk
FITNESS_ROW,0.0810890395175023,0.0810890395175023,0.0810890395175023,0.0810890395175023,0.0810890395175023,0.5665100650486586,0.5665100650486586,0.5665100650486586,0.5665100650486586,0.5665100650486586,0.5665100650486586,0.5665100650486586,0.5665100650486586,0.5665100650486586,0.5665100650486586,0.5665100650486586,0.5665100650486586,0.5665100650486586
AlternateLookWalk
STRATEGY_ROW,Walk,Look,Look,Look,Look,Look,Walk,Look,Look,Look,Look,Look,Walk
FITNESS_ROW,0.21100653025637467,0.21100653025637467,0.21100653025637467,0.21100653025637467,0.21100653025637467,0.21100653025637467,0.5522505202766866,0.5522505202766866,0.5522505202766866,0.5522505202766866,0.5522505202766866,0.5522505202766866,0.7373050994194854
SIMULATION,2.1.14.0.0,Sensitivity: 1,Landscape seed: 1577297112,Starting Location[0.0.0.1.1],K Value:2
GENERATION,0
STRATEGY_ROW,Walk,Look,Walk,Walk,Walk,Walk,Walk,Look,Walk,Look,Walk,Look,Look,Walk,Look,Walk,Look,Look,Walk,Look
FITNESS_ROW,0.09417680932347622,0.09417680932347622,0.09427393963415635,0.016026442549453415,0.06223639970260352,0.02157435769169196,0.08640094723291208,0.08640094723291208,0.09801489712011544,0.09801489712011544,0.1012715318972362,0.1012715318972362,0.1012715318972362,0.19840907849275,0.19840907849275,0.23462537485697013,0.23462537485697013,0.23462537485697013,0.28307697160283385,0.28307697160283385
COMPARISON_STRATEGIES
PureWalk
STRATEGY_ROW,Walk,Walk,Walk,Walk,Walk,Walk,Walk,Walk,Walk,Walk,Walk,Walk,Walk,Walk,Walk,Walk,Walk,Walk,Walk,Walk
FITNESS_ROW,0.017764809872396425,0.0589750487422641,0.026084025082172863,0.07895087148631016,0.032836534745122804,0.09681090410014287,0.0371782340808222,0.10425062146599867,0.03225861183554986,0.0955671683966824,0.03627712129832316,0.10182754395422486,0.03733887722542156,0.10492468915365562,0.03673701188406241,0.10302672192452601,0.034403491705491424,0.10556054718752424,0.036767226653880145,0.10755033195971052
Steep Hill Climb
STRATEGY_ROW,Look,Look,Look,Look,Look,Walk,Look,Look,Look,Look,Look,Walk,Look,Look,Look,Look,Look,Walk
FITNESS_ROW,0.09605758966695171,0.09605758966695171,0.09605758966695171,0.09605758966695171,0.09605758966695171,0.09605758966695171,0.09605758966695171,0.09605758966695171,0.09605758966695171,0.09605758966695171,0.09605758966695171,0.09605758966695171,0.09605758966695171,0.09605758966695171,0.09605758966695171,0.09605758966695171,0.09605758966695171,0.09605758966695171
AlternateLookWalk
STRATEGY_ROW,Walk,Look,Look,Look,Look,Look,Walk,Look,Look,Look,Look,Look,Walk
FITNESS_ROW,0.017982132870002398,0.017982132870002398,0.017982132870002398,0.017982132870002398,0.017982132870002398,0.017982132870002398,0.1609500576047254,0.1609500576047254,0.1609500576047254,0.1609500576047254,0.1609500576047254,0.1609500576047254,0.17009850099664248
SIMULATION,2.1.15.0.0,Sensitivity: 1,Landscape seed: -659636370,Starting Location[0.1.1.0.0],K Value:2
GENERATION,0
STRATEGY_ROW,Walk,Walk,Walk,Walk,Look,Walk,Look,Walk,Look,Walk,Look,Look,Walk,Walk,Look,Look,Look,Look,Look,Walk
FITNESS_ROW,0.04205701522931816,0.13267779158109805,0.11600289540738513,0.2671047601488338,0.2671047601488338,0.41126354603292825,0.41126354603292825,0.5244386473766836,0.5244386473766836,0.5860746385582306,0.5860746385582306,0.5860746385582306,0.6799963790151122,0.26670339020715333,0.26670339020715333,0.26670339020715333,0.26670339020715333,0.26670339020715333,0.26670339020715333,0.8935983299997763
COMPARISON_STRATEGIES
PureWalk
STRATEGY_ROW,Walk,Walk,Walk,Walk,Walk,Walk,Walk,Walk,Walk,Walk,Walk,Walk,Walk,Walk,Walk,Walk,Walk,Walk,Walk,Walk
FITNESS_ROW,0.044128528476151466,0.08297271036462783,0.11942620836402615,0.12665275196742037,0.16057257766176472,0.18556235487385336,0.17826077090297704,0.17460569313947863,0.19485309800275993,0.17609529081517092,0.17786111979396155,0.16036544083184293,0.18070314479978472,0.16911440438204114,0.19091018546702201,0.16614512384688168,0.19620456019190402,0.16752555806172245,0.19066683562315656,0.15393129362733596
Steep Hill Climb
STRATEGY_ROW,Look,Look,Look,Look,Look,Walk,Look,Look,Look,Look,Look,Walk,Look,Look,Look,Look,Look,Walk
FITNESS_ROW,1.086825713584423E-4,1.086825713584423E-4,1.086825713584423E-4,1.086825713584423E-4,1.086825713584423E-4,0.10041111375640362,0.10041111375640362,0.10041111375640362,0.10041111375640362,0.10041111375640362,0.10041111375640362,1.0,1.0,1.0,1.0,1.0,1.0,1.0
AlternateLookWalk
STRATEGY_ROW,Walk,Look,Look,Look,Look,Look,Walk,Look,Look,Look,Look,Look,Walk
FITNESS_ROW,0.0445340126604847,0.0445340126604847,0.0445340126604847,0.0445340126604847,0.0445340126604847,0.0445340126604847,0.4254560580458196,0.4254560580458196,0.4254560580458196,0.4254560580458196,0.4254560580458196,0.4254560580458196,0.7355315601824671
SIMULATION,2.1.16.0.0,Sensitivity: 1,Landscape seed: -1895181470,Starting Location[0.1.1.0.1],K Value:2
GENERATION,0
STRATEGY_ROW,Look,Walk,Walk,Walk,Walk,Walk,Walk,Look,Look,Look,Walk,Look,Look,Look,Walk,Look,Look,Walk,Look,Walk
FITNESS_ROW,0.007557940904450158,0.029262693185583166,0.033960609697424614,0.0319863788050529,0.09075440694588124,0.03213907639311257,0.05427211218933018,0.05427211218933018,0.05427211218933018,0.05427211218933018,0.1178412701178755,0.1178412701178755,0.1178412701178755,0.1178412701178755,0.2692501460403119,0.2692501460403119,0.2692501460403119,0.5926984447343311,0.5926984447343311,0.6209207430796247
COMPARISON_STRATEGIES
PureWalk
STRATEGY_ROW,Walk,Walk,Walk,Walk,Walk,Walk,Walk,Walk,Walk,Walk,Walk,Walk,Walk,Walk,Walk,Walk,Walk,Walk,Walk,Walk
FITNESS_ROW,0.023261637798885324,0.03780195272980456,0.07140915275078963,0.04987074844981811,0.08898547352808028,0.04760973090916522,0.057522264114841466,0.04801242447247372,0.06429457030677077,0.04920865355588879,0.07410666495725536,0.05276624759683789,0.08069930154647492,0.04873125950920068,0.08584819516357693,0.05136569940627715,0.07254189050544418,0.052253677601287275,0.07454778742007577,0.05151826270799866
Steep Hill Climb
STRATEGY_ROW,Look,Look,Look,Look,Look,Walk,Look,Look,Look,Look,Look,Walk,Look,Look,Look,Look,Look,Walk
FITNESS_ROW,0.007557940904449957,0.007557940904449957,0.007557940904449957,0.007557940904449957,0.007557940904449957,0.06734473942854888,0.06734473942854888,0.06734473942854888,0.06734473942854888,0.06734473942854888,0.06734473942854888,0.11968590956136585,0.11968590956136585,0.11968590956136585,0.11968590956136585,0.11968590956136585,0.11968590956136585,0.11968590956136585
AlternateLookWalk
STRATEGY_ROW,Walk,Look,Look,Look,Look,Look,Walk,Look,Look,Look,Look,Look,Walk
FITNESS_ROW,0.02429972286992846,0.02429972286992846,0.02429972286992846,0.02429972286992846,0.02429972286992846,0.02429972286992846,0.10855827387986562,0.10855827387986562,0.10855827387986562,0.10855827387986562,0.10855827387986562,0.10855827387986562,0.6197380210172586
SIMULATION,2.1.17.0.0,Sensitivity: 1,Landscape seed: -1862421365,Starting Location[1.1.0.0.1],K Value:2
GENERATION,0
STRATEGY_ROW,Look,Walk,Walk,Walk,Walk,Walk,Look,Look,Walk,Walk,Look,Walk,Look,Look,Walk,Look,Walk,Look,Look,Look
FITNESS_ROW,7.27334940976603E-5,0.016891593756653826,0.04061267380722092,0.04860236775355139,0.040172381161097254,0.112146674462485,0.112146674462485,0.112146674462485,0.20209748920153417,0.10248354132006474,0.10248354132006474,0.15422732800770458,0.15422732800770458,0.15422732800770458,0.2557919753854957,0.2557919753854957,0.33780280976679156,0.33780280976679156,0.33780280976679156,0.33780280976679156
COMPARISON_STRATEGIES
PureWalk
STRATEGY_ROW,Walk,Walk,Walk,Walk,Walk,Walk,Walk,Walk,Walk,Walk,Walk,Walk,Walk,Walk,Walk,Walk,Walk,Walk,Walk,Walk
FITNESS_ROW,0.008373235824933746,0.022282846078131312,0.06586920405096257,0.024974237835264687,0.07634777088892214,0.02660802234579961,0.09672602531582956,0.02752399953993984,0.08436222097093786,0.025614415504218384,0.08520000920396566,0.024182582768031865,0.0824144103160048,0.024123811384672664,0.08564806819171185,0.022520116312262098,0.07389220593227865,0.024246985776495648,0.077392128228628,0.023817985325753844
Steep Hill Climb
STRATEGY_ROW,Look,Look,Look,Look,Look,Walk,Look,Look,Look,Look,Look,Walk,Look,Look,Look,Look,Look,Walk
FITNESS_ROW,7.273349409765854E-5,7.273349409765854E-5,7.273349409765854E-5,7.273349409765854E-5,7.273349409765854E-5,0.01929182948555523,0.01929182948555523,0.01929182948555523,0.01929182948555523,0.01929182948555523,0.01929182948555523,0.1781409766886663,0.1781409766886663,0.1781409766886663,0.1781409766886663,0.1781409766886663,0.1781409766886663,1.0
AlternateLookWalk
STRATEGY_ROW,Walk,Look,Look,Look,Look,Look,Walk,Look,Look,Look,Look,Look,Walk
FITNESS_ROW,0.008737174327259364,0.008737174327259364,0.008737174327259364,0.008737174327259364,0.008737174327259364,0.008737174327259364,0.08739536902922185,0.08739536902922185,0.08739536902922185,0.08739536902922185,0.08739536902922185,0.08739536902922185,0.6093810013983308
SIMULATION,2.1.18.0.0,Sensitivity: 1,Landscape seed: 9966069,Starting Location[0.0.1.1.1],K Value:2
GENERATION,0
STRATEGY_ROW,Walk,Look,Walk,Look,Walk,Look,Look,Walk,Look,Look,Look,Walk,Walk,Look,Look,Look,Walk,Look,Walk,Look
FITNESS_ROW,0.4625744694377473,0.4625744694377473,0.4625744694377473,0.4625744694377473,0.6417163129584982,0.6417163129584982,0.6417163129584982,0.8208581564792492,0.8208581564792492,0.8208581564792492,0.8208581564792492,0.9488166161369282,0.3622200876341726,0.3622200876341726,0.3622200876341726,0.3622200876341726,0.780389675854896,0.780389675854896,0.7820807906861446,0.7820807906861446
COMPARISON_STRATEGIES
PureWalk
STRATEGY_ROW,Walk,Walk,Walk,Walk,Walk,Walk,Walk,Walk,Walk,Walk,Walk,Walk,Walk,Walk,Walk,Walk,Walk,Walk,Walk,Walk
FITNESS_ROW,0.2777690318016445,0.17245716000750627,0.14395721032845568,0.14031179642060904,0.11968571057386403,0.11882206276681725,0.09598780635182828,0.09602464942245262,0.10063215016941725,0.10001201438491093,0.10553036091314018,0.10692262551978947,0.08615908448815691,0.10296941127122473,0.10241359259859596,0.08941664402627023,0.10011828250224165,0.1120699736629979,0.10765211369683347,0.11825114022652587
Steep Hill Climb
STRATEGY_ROW,Look,Look,Look,Look,Look,Walk,Look,Look,Look,Look,Look,Walk,Look,Look,Look,Look,Look,Walk
FITNESS_ROW,0.36020770171160194,0.36020770171160194,0.36020770171160194,0.36020770171160194,0.36020770171160194,1.0,1.0,1.0,1.0,1.0,1.0,1.0,1.0,1.0,1.0,1.0,1.0,1.0
AlternateLookWalk
STRATEGY_ROW,Walk,Look,Look,Look,Look,Look,Walk,Look,Look,Look,Look,Look,Walk
FITNESS_ROW,0.2766604805031976,0.2766604805031976,0.2766604805031976,0.2766604805031976,0.2766604805031976,0.2766604805031976,0.6150083314839305,0.6150083314839305,0.6150083314839305,0.6150083314839305,0.6150083314839305,0.6150083314839305,1.0
SIMULATION,2.1.19.0.0,Sensitivity: 1,Landscape seed: 1664158516,Starting Location[0.1.1.1.1],K Value:2
GENERATION,0
STRATEGY_ROW,Look,Look,Walk,Walk,Walk,Walk,Look,Walk,Look,Walk,Look,Look,Walk,Look,Walk,Look,Walk,Look,Walk,Look
FITNESS_ROW,0.014659969718686822,0.014659969718686822,0.06170035604311212,0.04408325144185434,0.11608717968906093,0.04790943620820494,0.04790943620820494,0.0887314214472543,0.0887314214472543,0.14892390691162707,0.14892390691162707,0.14892390691162707,0.30520157708057616,0.30520157708057616,0.43638987902734405,0.43638987902734405,0.4429019635324601,0.4429019635324601,0.47407261705227155,0.47407261705227155
COMPARISON_STRATEGIES
PureWalk
STRATEGY_ROW,Walk,Walk,Walk,Walk,Walk,Walk,Walk,Walk,Walk,Walk,Walk,Walk,Walk,Walk,Walk,Walk,Walk,Walk,Walk,Walk
FITNESS_ROW,0.034642093080023695,0.07037096010800166,0.08995770228844746,0.0637314680554774,0.09279623639424348,0.0560202181956481,0.09913772365281613,0.058075400043950114,0.09941404852177671,0.0629208643757441,0.10978681252066709,0.058404643809130505,0.08446556292362829,0.056554890176656776,0.08421723029746435,0.05130766059836243,0.08842418207763722,0.05548191710620411,0.09570732169743368,0.053428392532818565
Steep Hill Climb
STRATEGY_ROW,Look,Look,Look,Look,Look,Walk,Look,Look,Look,Look,Look,Walk,Look,Look,Look,Look,Look,Walk
FITNESS_ROW,0.014659969718687089,0.014659969718687089,0.014659969718687089,0.014659969718687089,0.014659969718687089,0.11964766475236031,0.11964766475236031,0.11964766475236031,0.11964766475236031,0.11964766475236031,0.11964766475236031,0.5673522680956571,0.5673522680956571,0.5673522680956571,0.5673522680956571,0.5673522680956571,0.5673522680956571,1.0
AlternateLookWalk
STRATEGY_ROW,Walk,Look,Look,Look,Look,Look,Walk,Look,Look,Look,Look,Look,Walk
FITNESS_ROW,0.03069723361743771,0.03069723361743771,0.03069723361743771,0.03069723361743771,0.03069723361743771,0.03069723361743771,0.2762059270417727,0.2762059270417727,0.2762059270417727,0.2762059270417727,0.2762059270417727,0.2762059270417727,0.6425769518894574
SIMULATION,2.1.20.0.0,Sensitivity: 1,Landscape seed: 1131549928,Starting Location[0.1.1.0.0],K Value:2
GENERATION,0
STRATEGY_ROW,Walk,Look,Walk,Walk,Look,Walk,Walk,Walk,Look,Walk,Walk,Look,Look,Look,Walk,Look,Walk,Look,Walk,Look
FITNESS_ROW,0.3335367610271041,0.3335367610271041,0.39702114741695915,0.23945796722884857,0.23945796722884857,0.3655833546216036,0.24501139392664925,0.2757678229859921,0.2757678229859921,0.32523870550522943,0.18388467985663115,0.18388467985663115,0.18388467985663115,0.18388467985663115,0.408622206036331,0.408622206036331,0.42754333727946486,0.42754333727946486,0.5289423528255758,0.5289423528255758
COMPARISON_STRATEGIES
PureWalk
STRATEGY_ROW,Walk,Walk,Walk,Walk,Walk,Walk,Walk,Walk,Walk,Walk,Walk,Walk,Walk,Walk,Walk,Walk,Walk,Walk,Walk,Walk
FITNESS_ROW,0.307628655385316,0.20247359262581946,0.18450714956796582,0.17759453912873183,0.14026053715421163,0.1591479994559535,0.12601557894510246,0.13705167945570537,0.12787886664821754,0.1494330153622679,0.13296926875997425,0.15767474279423832,0.13285368345082513,0.14967782760260712,0.1264426791030577,0.14431729634141283,0.11947959075788905,0.14951876718985843,0.12355732140693634,0.14865815888039532
Steep Hill Climb
STRATEGY_ROW,Look,Look,Look,Look,Look,Walk,Look,Look,Look,Look,Look,Walk,Look,Look,Look,Look,Look,Walk
FITNESS_ROW,0.21312962595124166,0.21312962595124166,0.21312962595124166,0.21312962595124166,0.21312962595124166,0.5685632641254896,0.5685632641254896,0.5685632641254896,0.5685632641254896,0.5685632641254896,0.5685632641254896,0.5685632641254896,0.5685632641254896,0.5685632641254896,0.5685632641254896,0.5685632641254896,0.5685632641254896,0.5685632641254896
AlternateLookWalk
STRATEGY_ROW,Walk,Look,Look,Look,Look,Look,Walk,Look,Look,Look,Look,Look,Walk
FITNESS_ROW,0.3032751280517,0.3032751280517,0.3032751280517,0.3032751280517,0.3032751280517,0.3032751280517,0.673487750562899,0.673487750562899,0.673487750562899,0.673487750562899,0.673487750562899,0.673487750562899,0.7129308067285423
SIMULATION,2.1.21.0.0,Sensitivity: 1,Landscape seed: 409063836,Starting Location[1.1.1.0.0],K Value:2
GENERATION,0
STRATEGY_ROW,Walk,Look,Walk,Walk,Walk,Look,Look,Look,Look,Look,Look,Look,Look,Walk,Walk,Look,Look,Look,Look,Walk
FITNESS_ROW,0.019284803947589534,0.019284803947589534,0.10150627067556642,0.07243281657392543,0.05840251401767852,0.05840251401767852,0.05840251401767852,0.05840251401767852,0.05840251401767852,0.05840251401767852,0.05840251401767852,0.05840251401767852,0.05840251401767852,0.33774351063781133,0.10405960835176703,0.10405960835176703,0.10405960835176703,0.10405960835176703,0.10405960835176703,0.4114924650321447
COMPARISON_STRATEGIES
PureWalk
STRATEGY_ROW,Walk,Walk,Walk,Walk,Walk,Walk,Walk,Walk,Walk,Walk,Walk,Walk,Walk,Walk,Walk,Walk,Walk,Walk,Walk,Walk
FITNESS_ROW,0.01659858306828638,0.0855461011306122,0.04002961482173683,0.08147577429243408,0.03776357228583317,0.07062371002328555,0.043197929864214196,0.0817360785374715,0.03692050693681739,0.06313121637186067,0.0335462276275817,0.07514506167843628,0.03699381502982239,0.07137520030119052,0.03647509569709592,0.07086111908389685,0.03759680298013712,0.06674573300982602,0.041945009333427645,0.06026681698163791
Steep Hill Climb
STRATEGY_ROW,Look,Look,Look,Look,Look,Walk,Look,Look,Look,Look,Look,Walk,Look,Look,Look,Look,Look,Walk
FITNESS_ROW,5.545588266657243E-4,5.545588266657243E-4,5.545588266657243E-4,5.545588266657243E-4,5.545588266657243E-4,0.05336846557007191,0.05336846557007191,0.05336846557007191,0.05336846557007191,0.05336846557007191,0.05336846557007191,1.0,1.0,1.0,1.0,1.0,1.0,1.0
AlternateLookWalk
STRATEGY_ROW,Walk,Look,Look,Look,Look,Look,Walk,Look,Look,Look,Look,Look,Walk
FITNESS_ROW,0.017312813808327467,0.017312813808327467,0.017312813808327467,0.017312813808327467,0.017312813808327467,0.017312813808327467,0.4236542934937989,0.4236542934937989,0.4236542934937989,0.4236542934937989,0.4236542934937989,0.4236542934937989,0.5228764749836021
SIMULATION,2.1.22.0.0,Sensitivity: 1,Landscape seed: -545615491,Starting Location[1.0.1.1.1],K Value:2
GENERATION,0
STRATEGY_ROW,Look,Look,Look,Walk,Look,Walk,Look,Look,Walk,Look,Look,Look,Walk,Walk,Look,Look,Look,Look,Look,Walk
FITNESS_ROW,0.03214424878709888,0.03214424878709888,0.03214424878709888,0.23782945962952798,0.23782945962952798,0.37090495962433495,0.37090495962433495,0.37090495962433495,0.4749485197203283,0.4749485197203283,0.4749485197203283,0.4749485197203283,0.7217498699608313,0.10663378973488953,0.10663378973488953,0.10663378973488953,0.10663378973488953,0.10663378973488953,0.10663378973488953,0.7483649699597927
COMPARISON_STRATEGIES
PureWalk
STRATEGY_ROW,Walk,Walk,Walk,Walk,Walk,Walk,Walk,Walk,Walk,Walk,Walk,Walk,Walk,Walk,Walk,Walk,Walk,Walk,Walk,Walk
FITNESS_ROW,0.0725576760795263,0.09827849570283792,0.07938671165370281,0.09799132119142027,0.07451615537032248,0.08213582769057513,0.07040239631225623,0.09168276150372827,0.07459764476671209,0.06927602221406563,0.05990313324130528,0.06747444148244747,0.07214154671274688,0.08307541137139396,0.07045468786160337,0.08158409406426251,0.06445315522113648,0.08009652128658933,0.07273324448157624,0.0806630302328675
Steep Hill Climb
STRATEGY_ROW,Look,Look,Look,Look,Look,Walk,Look,Look,Look,Look,Look,Walk,Look,Look,Look,Look,Look,Walk
FITNESS_ROW,0.032144248787098414,0.032144248787098414,0.032144248787098414,0.032144248787098414,0.032144248787098414,0.33462250002596416,0.33462250002596416,0.33462250002596416,0.33462250002596416,0.33462250002596416,0.33462250002596416,1.0,1.0,1.0,1.0,1.0,1.0,1.0
AlternateLookWalk
STRATEGY_ROW,Walk,Look,Look,Look,Look,Look,Walk,Look,Look,Look,Look,Look,Walk
FITNESS_ROW,0.07625814070874518,0.07625814070874518,0.07625814070874518,0.07625814070874518,0.07625814070874518,0.07625814070874518,0.4486565732860285,0.4486565732860285,0.4486565732860285,0.4486565732860285,0.4486565732860285,0.4486565732860285,0.6094234075152359
SIMULATION,2.1.23.0.0,Sensitivity: 1,Landscape seed: -1001200219,Starting Location[0.1.0.1.0],K Value:2
GENERATION,0
STRATEGY_ROW,Walk,Walk,Look,Look,Walk,Look,Look,Walk,Look,Look,Walk,Look,Look,Look,Look,Look,Walk,Look,Look,Look
FITNESS_ROW,0.5896569232431488,0.19552772475144276,0.19552772475144276,0.19552772475144276,0.47772487340340725,0.47772487340340725,0.47772487340340725,0.6096884468922993,0.6096884468922993,0.6096884468922993,0.6411706130056705,0.6411706130056705,0.6411706130056705,0.6411706130056705,0.6411706130056705,0.6411706130056705,0.8933913200116049,0.8933913200116049,0.8933913200116049,0.8933913200116049
COMPARISON_STRATEGIES
PureWalk
STRATEGY_ROW,Walk,Walk,Walk,Walk,Walk,Walk,Walk,Walk,Walk,Walk,Walk,Walk,Walk,Walk,Walk,Walk,Walk,Walk,Walk,Walk
FITNESS_ROW,0.23561759328480406,0.11745877070120066,0.19421866025368983,0.10453976934396061,0.20162234009607016,0.10132822027276181,0.18885793677020069,0.09530501195403124,0.2095212005596601,0.0939016446038086,0.19218873846720863,0.09725949677593712,0.2028153530490018,0.08871783458886447,0.19036375823010512,0.096310038569676,0.20082393985637378,0.10085045010116406,0.19208268122707753,0.08516349571144391
Steep Hill Climb
STRATEGY_ROW,Look,Look,Look,Look,Look,Walk,Look,Look,Look,Look,Look,Walk,Look,Look,Look,Look,Look,Walk
FITNESS_ROW,0.23962139547732036,0.23962139547732036,0.23962139547732036,0.23962139547732036,0.23962139547732036,0.9860488923862927,0.9860488923862927,0.9860488923862927,0.9860488923862927,0.9860488923862927,0.9860488923862927,0.9860488923862927,0.9860488923862927,0.9860488923862927,0.9860488923862927,0.9860488923862927,0.9860488923862927,0.9860488923862927
AlternateLookWalk
STRATEGY_ROW,Walk,Look,Look,Look,Look,Look,Walk,Look,Look,Look,Look,Look,Walk
FITNESS_ROW,0.24455339815398563,0.24455339815398563,0.24455339815398563,0.24455339815398563,0.24455339815398563,0.24455339815398563,0.4684223859515581,0.4684223859515581,0.4684223859515581,0.4684223859515581,0.4684223859515581,0.4684223859515581,0.9860488923862927
SIMULATION,2.1.24.0.0,Sensitivity: 1,Landscape seed: 919747693,Starting Location[1.0.1.1.0],K Value:2
GENERATION,0
STRATEGY_ROW,Walk,Look,Look,Look,Walk,Look,Walk,Look,Look,Walk,Look,Look,Look,Look,Walk,Look,Look,Walk,Look,Look
FITNESS_ROW,0.05463700308323775,0.05463700308323775,0.05463700308323775,0.05463700308323775,0.3608238942671321,0.3608238942671321,0.38585702860084525,0.38585702860084525,0.38585702860084525,0.48534256099150597,0.48534256099150597,0.48534256099150597,0.48534256099150597,0.48534256099150597,0.5473670780097183,0.5473670780097183,0.5473670780097183,0.5533462021851111,0.5533462021851111,0.5533462021851111
COMPARISON_STRATEGIES
PureWalk
STRATEGY_ROW,Walk,Walk,Walk,Walk,Walk,Walk,Walk,Walk,Walk,Walk,Walk,Walk,Walk,Walk,Walk,Walk,Walk,Walk,Walk,Walk
FITNESS_ROW,0.03799058810178445,0.1402401314547131,0.06851682168210095,0.12645319948556202,0.0910309812308214,0.10747531701725278,0.08726509309376057,0.11582147907232127,0.08883837723543965,0.11855460901398145,0.09315180218988327,0.11819487238923299,0.09593759053013948,0.12412097637446132,0.08581692973255517,0.13249995614998872,0.09390604439757515,0.1198124575594524,0.0856771406876287,0.10556865776812928
Steep Hill Climb
STRATEGY_ROW,Look,Look,Look,Look,Look,Walk,Look,Look,Look,Look,Look,Walk,Look,Look,Look,Look,Look,Walk
FITNESS_ROW,0.0024645671687637625,0.0024645671687637625,0.0024645671687637625,0.0024645671687637625,0.0024645671687637625,0.1053258455583436,0.1053258455583436,0.1053258455583436,0.1053258455583436,0.1053258455583436,0.1053258455583436,0.22469353727234467,0.22469353727234467,0.22469353727234467,0.22469353727234467,0.22469353727234467,0.22469353727234467,0.850521895615194
AlternateLookWalk
STRATEGY_ROW,Walk,Look,Look,Look,Look,Look,Walk,Look,Look,Look,Look,Look,Walk
FITNESS_ROW,0.0370304750939833,0.0370304750939833,0.0370304750939833,0.0370304750939833,0.0370304750939833,0.0370304750939833,0.5058699254991957,0.5058699254991957,0.5058699254991957,0.5058699254991957,0.5058699254991957,0.5058699254991957,0.6272806270177088
SIMULATION,2.1.25.0.0,Sensitivity: 1,Landscape seed: 1424799785,Starting Location[0.1.1.0.1],K Value:2
GENERATION,0
STRATEGY_ROW,Look,Walk,Walk,Look,Walk,Look,Look,Walk,Walk,Look,Look,Look,Look,Look,Walk,Look,Look,Look,Walk,Look
FITNESS_ROW,5.076771024612774E-6,0.0030117182949353284,0.24518740183774107,0.24518740183774107,0.24792779020148914,0.24792779020148914,0.24792779020148914,0.3017586834672821,0.15400040312402155,0.15400040312402155,0.15400040312402155,0.15400040312402155,0.15400040312402155,0.15400040312402155,0.5211841537476495,0.5211841537476495,0.5211841537476495,0.5211841537476495,0.7423043587440767,0.7423043587440767
COMPARISON_STRATEGIES
PureWalk
STRATEGY_ROW,Walk,Walk,Walk,Walk,Walk,Walk,Walk,Walk,Walk,Walk,Walk,Walk,Walk,Walk,Walk,Walk,Walk,Walk,Walk,Walk
FITNESS_ROW,0.0017170125740934023,0.09663199338884068,0.05499111616579683,0.09736147287717431,0.07592832904708308,0.08502530540783347,0.07241974796572886,0.08424562401347097,0.06453332007065986,0.10538306079281164,0.07661462633815119,0.0918102605660022,0.0712726810627206,0.09715077220742133,0.08584375018226724,0.10040489514680923,0.07125379204543723,0.0950988532733642,0.07279992685226096,0.09654804531510013
Steep Hill Climb
STRATEGY_ROW,Look,Look,Look,Look,Look,Walk,Look,Look,Look,Look,Look,Walk,Look,Look,Look,Look,Look,Walk
FITNESS_ROW,5.076771024612772E-6,5.076771024612772E-6,5.076771024612772E-6,5.076771024612772E-6,5.076771024612772E-6,0.006765700383469757,0.006765700383469757,0.006765700383469757,0.006765700383469757,0.006765700383469757,0.006765700383469757,0.9772313109728819,0.9772313109728819,0.9772313109728819,0.9772313109728819,0.9772313109728819,0.9772313109728819,1.0
AlternateLookWalk
STRATEGY_ROW,Walk,Look,Look,Look,Look,Look,Walk,Look,Look,Look,Look,Look,Walk
FITNESS_ROW,0.0015055167284138988,0.0015055167284138988,0.0015055167284138988,0.0015055167284138988,0.0015055167284138988,0.0015055167284138988,0.4266640059272254,0.4266640059272254,0.4266640059272254,0.4266640059272254,0.4266640059272254,0.4266640059272254,0.6157590156526885
SIMULATION,2.1.26.0.0,Sensitivity: 1,Landscape seed: -1759766986,Starting Location[1.1.1.1.0],K Value:2
GENERATION,0
STRATEGY_ROW,Walk,Look,Walk,Look,Walk,Walk,Walk,Walk,Walk,Walk,Walk,Walk,Walk,Walk,Walk,Look,Look,Look,Look,Walk
FITNESS_ROW,0.019949314513733548,0.019949314513733548,0.0959517400510298,0.0959517400510298,0.13330444965937013,0.05127270993168274,0.10010060614735057,0.06600835187246315,0.051595265819950685,0.06364567346863369,0.06558877584174284,0.033266543002836026,0.09124842887328054,0.07051207688748849,0.1622507892686719,0.1622507892686719,0.1622507892686719,0.1622507892686719,0.1622507892686719,0.4227120536403981
COMPARISON_STRATEGIES
PureWalk
STRATEGY_ROW,Walk,Walk,Walk,Walk,Walk,Walk,Walk,Walk,Walk,Walk,Walk,Walk,Walk,Walk,Walk,Walk,Walk,Walk,Walk,Walk
FITNESS_ROW,0.029486311970874396,0.10476316123624276,0.042595429453299576,0.1280920605612553,0.06727342372583708,0.1531908224688649,0.08442360231683589,0.16291452564556297,0.10363457631769614,0.16693279504679767,0.09256633604412924,0.16591437395836112,0.08795062935472799,0.17035928779610446,0.10008551875879905,0.1507395404589074,0.09791259829245944,0.16402147573611292,0.08810536605827371,0.17131738802920618
Steep Hill Climb
STRATEGY_ROW,Look,Look,Look,Look,Look,Walk,Look,Look,Look,Look,Look,Walk,Look,Look,Look,Look,Look,Walk
FITNESS_ROW,0.265526494423363,0.265526494423363,0.265526494423363,0.265526494423363,0.265526494423363,0.265526494423363,0.265526494423363,0.265526494423363,0.265526494423363,0.265526494423363,0.265526494423363,0.265526494423363,0.265526494423363,0.265526494423363,0.265526494423363,0.265526494423363,0.265526494423363,0.265526494423363
AlternateLookWalk
STRATEGY_ROW,Walk,Look,Look,Look,Look,Look,Walk,Look,Look,Look,Look,Look,Walk
FITNESS_ROW,0.026399983010727008,0.026399983010727008,0.026399983010727008,0.026399983010727008,0.026399983010727008,0.026399983010727008,0.3807241666815976,0.3807241666815976,0.3807241666815976,0.3807241666815976,0.3807241666815976,0.3807241666815976,0.3807241666815976
SIMULATION,2.1.27.0.0,Sensitivity: 1,Landscape seed: 255894498,Starting Location[0.0.1.1.0],K Value:2
GENERATION,0
STRATEGY_ROW,Look,Look,Walk,Look,Look,Walk,Look,Walk,Walk,Walk,Walk,Walk,Walk,Look,Look,Look,Look,Look,Look,Walk
FITNESS_ROW,6.649637781782119E-4,6.649637781782119E-4,0.45975985310029627,0.45975985310029627,0.45975985310029627,0.6278865680783682,0.6278865680783682,0.6990834489996004,0.1324459303515644,0.17348784184317165,0.13504677119223335,0.21192764753873874,0.1683155212571753,0.1683155212571753,0.1683155212571753,0.1683155212571753,0.1683155212571753,0.1683155212571753,0.1683155212571753,0.6893756836888565
COMPARISON_STRATEGIES
PureWalk
STRATEGY_ROW,Walk,Walk,Walk,Walk,Walk,Walk,Walk,Walk,Walk,Walk,Walk,Walk,Walk,Walk,Walk,Walk,Walk,Walk,Walk,Walk
FITNESS_ROW,0.2238172225576297,0.10642307859626988,0.20542832325762883,0.09659876410133487,0.1853852102299728,0.08145127145535622,0.17315964376132922,0.08444211262116437,0.16713325789944408,0.08285074195579738,0.15868539095191042,0.08040005933136073,0.1728349015118363,0.08388403399695801,0.15954250267878392,0.07757759442034315,0.1784975517292786,0.07819086584121802,0.17200050986157542,0.08875753619902982
Steep Hill Climb
STRATEGY_ROW,Look,Look,Look,Look,Look,Walk,Look,Look,Look,Look,Look,Walk,Look,Look,Look,Look,Look,Walk
FITNESS_ROW,6.649637781782213E-4,6.649637781782213E-4,6.649637781782213E-4,6.649637781782213E-4,6.649637781782213E-4,1.0,1.0,1.0,1.0,1.0,1.0,1.0,1.0,1.0,1.0,1.0,1.0,1.0
AlternateLookWalk
STRATEGY_ROW,Walk,Look,Look,Look,Look,Look,Walk,Look,Look,Look,Look,Look,Walk
FITNESS_ROW,0.221937967426658,0.221937967426658,0.221937967426658,0.221937967426658,0.221937967426658,0.221937967426658,0.4626305725689289,0.4626305725689289,0.4626305725689289,0.4626305725689289,0.4626305725689289,0.4626305725689289,0.7868090707683837
SIMULATION,2.1.28.0.0,Sensitivity: 1,Landscape seed: 106847162,Starting Location[1.1.0.1.0],K Value:2
GENERATION,0
STRATEGY_ROW,Walk,Look,Look,Walk,Look,Walk,Look,Look,Walk,Look,Walk,Walk,Walk,Look,Look,Walk,Look,Walk,Look,Walk
FITNESS_ROW,0.03206204502146679,0.03206204502146679,0.03206204502146679,0.19839529867201935,0.19839529867201935,0.2075554476136129,0.2075554476136129,0.2075554476136129,0.21877909357682768,0.21877909357682768,0.26155319264177873,0.03229201155530785,0.060491716186460515,0.060491716186460515,0.060491716186460515,0.13183968336838875,0.13183968336838875,0.21712248188165412,0.21712248188165412,0.25991159158999855
COMPARISON_STRATEGIES
PureWalk
STRATEGY_ROW,Walk,Walk,Walk,Walk,Walk,Walk,Walk,Walk,Walk,Walk,Walk,Walk,Walk,Walk,Walk,Walk,Walk,Walk,Walk,Walk
FITNESS_ROW,0.03790827946887462,0.08488723199385854,0.028227043376610746,0.10620936971230836,0.024492901802202892,0.088742969747689,0.023612055002171038,0.0859416165495071,0.023846073836488648,0.08737677345017007,0.02403615774488893,0.07057947664137018,0.020876799936645724,0.07422230414491611,0.021879127926210776,0.07521475386187157,0.022296553113141614,0.08950419320417145,0.02147529195400126,0.09475871085061574
Steep Hill Climb
STRATEGY_ROW,Look,Look,Look,Look,Look,Walk,Look,Look,Look,Look,Look,Walk,Look,Look,Look,Look,Look,Walk
FITNESS_ROW,0.027462598690341684,0.027462598690341684,0.027462598690341684,0.027462598690341684,0.027462598690341684,0.10941403620861927,0.10941403620861927,0.10941403620861927,0.10941403620861927,0.10941403620861927,0.10941403620861927,0.10941403620861927,0.10941403620861927,0.10941403620861927,0.10941403620861927,0.10941403620861927,0.10941403620861927,0.10941403620861927
AlternateLookWalk
STRATEGY_ROW,Walk,Look,Look,Look,Look,Look,Walk,Look,Look,Look,Look,Look,Walk
FITNESS_ROW,0.04031427237230321,0.04031427237230321,0.04031427237230321,0.04031427237230321,0.04031427237230321,0.04031427237230321,0.41800982780495516,0.41800982780495516,0.41800982780495516,0.41800982780495516,0.41800982780495516,0.41800982780495516,0.43804025684763065
SIMULATION,2.1.29.0.0,Sensitivity: 1,Landscape seed: -1759253469,Starting Location[1.0.1.1.1],K Value:2
GENERATION,0
STRATEGY_ROW,Look,Walk,Walk,Look,Walk,Walk,Walk,Look,Look,Walk,Look,Look,Look,Look,Walk,Look,Look,Look,Walk,Look
FITNESS_ROW,0.0,0.002201148072065098,0.06910906198070048,0.06910906198070048,0.07305959351114498,0.08062665959767829,0.04302084309041767,0.04302084309041767,0.04302084309041767,0.2274502691877501,0.2274502691877501,0.2274502691877501,0.2274502691877501,0.2274502691877501,0.531633766610465,0.531633766610465,0.531633766610465,0.531633766610465,0.6398859692145337,0.6398859692145337
COMPARISON_STRATEGIES
PureWalk
STRATEGY_ROW,Walk,Walk,Walk,Walk,Walk,Walk,Walk,Walk,Walk,Walk,Walk,Walk,Walk,Walk,Walk,Walk,Walk,Walk,Walk,Walk
FITNESS_ROW,0.002163258599189495,0.062012651749302594,0.05913858021903691,0.06291921540607708,0.06785640344757572,0.06246286375317612,0.08729199169235313,0.060393223846683976,0.07663951493048346,0.06218695265228558,0.08267385617037253,0.06484357750786737,0.08104734355670087,0.06700303119477673,0.08475663350633805,0.06350589930300521,0.085402283434248,0.0680928222333948,0.0755203440471597,0.06196888044435763
Steep Hill Climb
STRATEGY_ROW,Look,Look,Look,Look,Look,Walk,Look,Look,Look,Look,Look,Walk,Look,Look,Look,Look,Look,Walk
FITNESS_ROW,0.0,0.0,0.0,0.0,0.0,0.009093313771621852,0.009093313771621852,0.009093313771621852,0.009093313771621852,0.009093313771621852,0.009093313771621852,0.4696992430509076,0.4696992430509076,0.4696992430509076,0.4696992430509076,0.4696992430509076,0.4696992430509076,0.4696992430509076
AlternateLookWalk
STRATEGY_ROW,Walk,Look,Look,Look,Look,Look,Walk,Look,Look,Look,Look,Look,Walk
FITNESS_ROW,0.0022070637266850246,0.0022070637266850246,0.0022070637266850246,0.0022070637266850246,0.0022070637266850246,0.0022070637266850246,0.2918146761404663,0.2918146761404663,0.2918146761404663,0.2918146761404663,0.2918146761404663,0.2918146761404663,0.5924973674949158
SIMULATION,2.1.30.0.0,Sensitivity: 1,Landscape seed: 1943947465,Starting Location[1.0.0.1.1],K Value:2
GENERATION,0
STRATEGY_ROW,Walk,Look,Walk,Look,Walk,Look,Look,Look,Look,Look,Look,Look,Look,Look,Look,Look,Walk,Look,Look,Walk
FITNESS_ROW,0.040731757130453856,0.040731757130453856,0.08944544413197511,0.08944544413197511,0.1394389181651283,0.1394389181651283,0.1394389181651283,0.1394389181651283,0.1394389181651283,0.1394389181651283,0.1394389181651283,0.1394389181651283,0.1394389181651283,0.1394389181651283,0.1394389181651283,0.1394389181651283,0.31690522383608877,0.31690522383608877,0.31690522383608877,0.33668081644325937
COMPARISON_STRATEGIES
PureWalk
STRATEGY_ROW,Walk,Walk,Walk,Walk,Walk,Walk,Walk,Walk,Walk,Walk,Walk,Walk,Walk,Walk,Walk,Walk,Walk,Walk,Walk,Walk
FITNESS_ROW,0.032161286377370625,0.11084672463344311,0.045679509085496714,0.09496366865153572,0.044387981209500764,0.0889922274268023,0.04751912196883564,0.08103623709741216,0.04861212786350076,0.09381553418429926,0.04558768202343777,0.09295921735339681,0.04460252750261792,0.09535720347166188,0.05131202174463039,0.089390214294118,0.04869682244607193,0.08025196110520279,0.05270387045097729,0.08660118596144416
Steep Hill Climb
STRATEGY_ROW,Look,Look,Look,Look,Look,Walk,Look,Look,Look,Look,Look,Walk,Look,Look,Look,Look,Look,Walk
FITNESS_ROW,0.04675534179183143,0.04675534179183143,0.04675534179183143,0.04675534179183143,0.04675534179183143,0.1634656534523345,0.1634656534523345,0.1634656534523345,0.1634656534523345,0.1634656534523345,0.1634656534523345,0.1634656534523345,0.1634656534523345,0.1634656534523345,0.1634656534523345,0.1634656534523345,0.1634656534523345,0.1634656534523345
AlternateLookWalk
STRATEGY_ROW,Walk,Look,Look,Look,Look,Look,Walk,Look,Look,Look,Look,Look,Walk
FITNESS_ROW,0.033057548632543864,0.033057548632543864,0.033057548632543864,0.033057548632543864,0.033057548632543864,0.033057548632543864,0.4821716414230307,0.4821716414230307,0.4821716414230307,0.4821716414230307,0.4821716414230307,0.4821716414230307,0.5265215598540292
SIMULATION,2.1.31.0.0,Sensitivity: 1,Landscape seed: -1016498431,Starting Location[0.0.1.1.1],K Value:2
GENERATION,0
STRATEGY_ROW,Walk,Look,Walk,Walk,Look,Walk,Look,Look,Walk,Walk,Look,Look,Walk,Look,Look,Look,Look,Look,Walk,Look
FITNESS_ROW,0.01577307961902014,0.01577307961902014,0.08950764209782251,0.21316324458590027,0.21316324458590027,0.2488546796466854,0.2488546796466854,0.2488546796466854,0.5149977655412168,0.19652589544412977,0.19652589544412977,0.19652589544412977,0.4043411659962885,0.4043411659962885,0.4043411659962885,0.4043411659962885,0.4043411659962885,0.4043411659962885,0.6006432057148477,0.6006432057148477
COMPARISON_STRATEGIES
PureWalk
STRATEGY_ROW,Walk,Walk,Walk,Walk,Walk,Walk,Walk,Walk,Walk,Walk,Walk,Walk,Walk,Walk,Walk,Walk,Walk,Walk,Walk,Walk
FITNESS_ROW,0.020155068848413372,0.11154524388177568,0.07689782443083293,0.1408248876594047,0.08260422865971638,0.1336309439461221,0.09947325007934198,0.16712707052406722,0.0806534699391895,0.15285244274231288,0.08773115560940027,0.13410932785502566,0.08717095893908587,0.14385050797832657,0.09359840354540608,0.1498585947709608,0.09662256996765838,0.15426288354920076,0.08435076184846696,0.14184500956875531
Steep Hill Climb
STRATEGY_ROW,Look,Look,Look,Look,Look,Walk,Look,Look,Look,Look,Look,Walk,Look,Look,Look,Look,Look,Walk
FITNESS_ROW,1.3922628016954715E-4,1.3922628016954715E-4,1.3922628016954715E-4,1.3922628016954715E-4,1.3922628016954715E-4,0.05782921190405688,0.05782921190405688,0.05782921190405688,0.05782921190405688,0.05782921190405688,0.05782921190405688,0.634164641555355,0.634164641555355,0.634164641555355,0.634164641555355,0.634164641555355,0.634164641555355,0.8014590191996034
AlternateLookWalk
STRATEGY_ROW,Walk,Look,Look,Look,Look,Look,Walk,Look,Look,Look,Look,Look,Walk
FITNESS_ROW,0.01985897874870636,0.01985897874870636,0.01985897874870636,0.01985897874870636,0.01985897874870636,0.01985897874870636,0.45210623988611676,0.45210623988611676,0.45210623988611676,0.45210623988611676,0.45210623988611676,0.45210623988611676,0.5193585796991109
SIMULATION,2.1.32.0.0,Sensitivity: 1,Landscape seed: -1334912881,Starting Location[0.1.0.0.0],K Value:2
GENERATION,0
STRATEGY_ROW,Look,Look,Look,Look,Look,Walk,Look,Look,Look,Look,Walk,Look,Look,Look,Look,Walk,Look,Look,Walk,Look
FITNESS_ROW,0.0030995325666920205,0.0030995325666920205,0.0030995325666920205,0.0030995325666920205,0.0030995325666920205,0.08414036884347259,0.08414036884347259,0.08414036884347259,0.08414036884347259,0.08414036884347259,0.2862665382527,0.2862665382527,0.2862665382527,0.2862665382527,0.2862665382527,0.7286180853774787,0.7286180853774787,0.7286180853774787,0.8592634632880986,0.8592634632880986
COMPARISON_STRATEGIES
PureWalk
STRATEGY_ROW,Walk,Walk,Walk,Walk,Walk,Walk,Walk,Walk,Walk,Walk,Walk,Walk,Walk,Walk,Walk,Walk,Walk,Walk,Walk,Walk
FITNESS_ROW,0.02508899165993776,0.053045991768661996,0.10383571829528392,0.11966625646228955,0.10529212363767876,0.1301548880528875,0.12549375059275394,0.15508561781725427,0.12256099550985405,0.1487188520734224,0.1288339054847964,0.1296835543696875,0.12138732568122082,0.14833268493841698,0.11960098610996871,0.1584064580802721,0.12625708370528363,0.1505703174836345,0.13461488772005928,0.1577797909875454
Steep Hill Climb
STRATEGY_ROW,Look,Look,Look,Look,Look,Walk,Look,Look,Look,Look,Look,Walk,Look,Look,Look,Look,Look,Walk
FITNESS_ROW,0.003099532566691962,0.003099532566691962,0.003099532566691962,0.003099532566691962,0.003099532566691962,0.084140368843473,0.084140368843473,0.084140368843473,0.084140368843473,0.084140368843473,0.084140368843473,0.3367980806050002,0.3367980806050002,0.3367980806050002,0.3367980806050002,0.3367980806050002,0.3367980806050002,0.9278661883151942
AlternateLookWalk
STRATEGY_ROW,Walk,Look,Look,Look,Look,Look,Walk,Look,Look,Look,Look,Look,Walk
FITNESS_ROW,0.02436221692859267,0.02436221692859267,0.02436221692859267,0.02436221692859267,0.02436221692859267,0.02436221692859267,0.16650214783538936,0.16650214783538936,0.16650214783538936,0.16650214783538936,0.16650214783538936,0.16650214783538936,0.4871871714503412
SIMULATION,2.1.33.0.0,Sensitivity: 1,Landscape seed: -670616059,Starting Location[0.0.0.1.1],K Value:2
GENERATION,0
STRATEGY_ROW,Walk,Look,Look,Look,Look,Walk,Look,Walk,Walk,Walk,Look,Look,Look,Look,Look,Look,Walk,Look,Look,Walk
FITNESS_ROW,0.0011961276690534628,0.0011961276690534628,0.0011961276690534628,0.0011961276690534628,0.0011961276690534628,0.03142810314476708,0.03142810314476708,0.11495811338986411,0.013058479781469338,0.0639474791980707,0.0639474791980707,0.0639474791980707,0.0639474791980707,0.0639474791980707,0.0639474791980707,0.0639474791980707,0.3581106306523384,0.3581106306523384,0.3581106306523384,0.5080259814150363
COMPARISON_STRATEGIES
PureWalk
STRATEGY_ROW,Walk,Walk,Walk,Walk,Walk,Walk,Walk,Walk,Walk,Walk,Walk,Walk,Walk,Walk,Walk,Walk,Walk,Walk,Walk,Walk
FITNESS_ROW,0.0014174293455941384,0.012588485296034369,0.059820711669461735,0.058745422804928595,0.06891869226446337,0.0705782000756703,0.07943553813347377,0.07894254298905316,0.07351541978559137,0.06831879389560286,0.07630622610832781,0.07707419091939956,0.07260130003116988,0.07829915118541644,0.07810135491914884,0.08518714732449131,0.07394582882092854,0.07977492018318355,0.08030212164620924,0.08470378325203597
Steep Hill Climb
STRATEGY_ROW,Look,Look,Look,Look,Look,Walk,Look,Look,Look,Look,Look,Walk,Look,Look,Look,Look,Look,Walk
FITNESS_ROW,5.578403255075377E-9,5.578403255075377E-9,5.578403255075377E-9,5.578403255075377E-9,5.578403255075377E-9,0.005178651481003545,0.005178651481003545,0.005178651481003545,0.005178651481003545,0.005178651481003545,0.005178651481003545,0.08576929079874704,0.08576929079874704,0.08576929079874704,0.08576929079874704,0.08576929079874704,0.08576929079874704,0.7520364218455505
AlternateLookWalk
STRATEGY_ROW,Walk,Look,Look,Look,Look,Look,Walk,Look,Look,Look,Look,Look,Walk
FITNESS_ROW,0.0013877050008307633,0.0013877050008307633,0.0013877050008307633,0.0013877050008307633,0.0013877050008307633,0.0013877050008307633,0.04179498075341539,0.04179498075341539,0.04179498075341539,0.04179498075341539,0.04179498075341539,0.04179498075341539,0.45480489719655914
SIMULATION,2.1.34.0.0,Sensitivity: 1,Landscape seed: -1491322987,Starting Location[1.1.0.1.0],K Value:2
GENERATION,0
STRATEGY_ROW,Walk,Look,Walk,Look,Walk,Look,Look,Look,Look,Walk,Look,Walk,Look,Walk,Look,Look,Look,Walk,Look,Walk
FITNESS_ROW,0.08718209451438394,0.08718209451438394,0.3336198591998531,0.3336198591998531,0.37783486938662186,0.37783486938662186,0.37783486938662186,0.37783486938662186,0.37783486938662186,0.7209563588965486,0.7209563588965486,0.7593978363720767,0.7593978363720767,0.8361883291382187,0.8361883291382187,0.8361883291382187,0.8361883291382187,0.8892580861806171,0.8892580861806171,0.9268862667487031
COMPARISON_STRATEGIES
PureWalk
STRATEGY_ROW,Walk,Walk,Walk,Walk,Walk,Walk,Walk,Walk,Walk,Walk,Walk,Walk,Walk,Walk,Walk,Walk,Walk,Walk,Walk,Walk
FITNESS_ROW,0.0646935455257796,0.19823693485096935,0.14855139671322964,0.1997505188370635,0.16041937374258483,0.18392381040486389,0.17596664070403834,0.16924549020176155,0.16985054160218785,0.19818699719640778,0.17861892879470478,0.17965008002764452,0.18124195425881798,0.18636557400693912,0.16126478049909249,0.18745902066592618,0.16644319491000528,0.18083033273764854,0.1648067223804262,0.1708609546656666
Steep Hill Climb
STRATEGY_ROW,Look,Look,Look,Look,Look,Walk,Look,Look,Look,Look,Look,Walk,Look,Look,Look,Look,Look,Walk
FITNESS_ROW,0.002315687066186852,0.002315687066186852,0.002315687066186852,0.002315687066186852,0.002315687066186852,0.18277302242975696,0.18277302242975696,0.18277302242975696,0.18277302242975696,0.18277302242975696,0.18277302242975696,0.8735519678082335,0.8735519678082335,0.8735519678082335,0.8735519678082335,0.8735519678082335,0.8735519678082335,1.0
AlternateLookWalk
STRATEGY_ROW,Walk,Look,Look,Look,Look,Look,Walk,Look,Look,Look,Look,Look,Walk
FITNESS_ROW,0.07209087996948645,0.07209087996948645,0.07209087996948645,0.07209087996948645,0.07209087996948645,0.07209087996948645,0.6146326276208114,0.6146326276208114,0.6146326276208114,0.6146326276208114,0.6146326276208114,0.6146326276208114,0.8242268590177391
SIMULATION,2.1.35.0.0,Sensitivity: 1,Landscape seed: 1920340649,Starting Location[1.1.1.0.0],K Value:2
GENERATION,0
STRATEGY_ROW,Look,Look,Look,Look,Walk,Look,Walk,Walk,Look,Walk,Look,Look,Look,Walk,Look,Walk,Look,Walk,Look,Walk
FITNESS_ROW,0.3654648954139207,0.3654648954139207,0.3654648954139207,0.3654648954139207,0.6791417660798565,0.6791417660798565,0.6791417660798565,0.20365169957817814,0.20365169957817814,0.36316560848824714,0.36316560848824714,0.36316560848824714,0.36316560848824714,0.5380399956778983,0.5380399956778983,0.5923959604663326,0.5923959604663326,0.5976050748930903,0.5976050748930903,0.6416273532452881
COMPARISON_STRATEGIES
PureWalk
STRATEGY_ROW,Walk,Walk,Walk,Walk,Walk,Walk,Walk,Walk,Walk,Walk,Walk,Walk,Walk,Walk,Walk,Walk,Walk,Walk,Walk,Walk
FITNESS_ROW,0.26775650316416594,0.17689738146859244,0.18267252199378547,0.16896683970281823,0.14812935100460234,0.15120262042327165,0.13205278422332645,0.17987880927918085,0.12152780319043387,0.16405211522050622,0.12591191039469954,0.15380650227774897,0.1309102633023701,0.15714952916172015,0.1375382781577686,0.1679751472724787,0.1128746817139989,0.15809131484430153,0.11891269305050561,0.1712062633640376
Steep Hill Climb
STRATEGY_ROW,Look,Look,Look,Look,Look,Walk,Look,Look,Look,Look,Look,Walk,Look,Look,Look,Look,Look,Walk
FITNESS_ROW,0.36546489541392113,0.36546489541392113,0.36546489541392113,0.36546489541392113,0.36546489541392113,0.6950938539056722,0.6950938539056722,0.6950938539056722,0.6950938539056722,0.6950938539056722,0.6950938539056722,0.6950938539056722,0.6950938539056722,0.6950938539056722,0.6950938539056722,0.6950938539056722,0.6950938539056722,0.6950938539056722
AlternateLookWalk
STRATEGY_ROW,Walk,Look,Look,Look,Look,Look,Walk,Look,Look,Look,Look,Look,Walk
FITNESS_ROW,0.2852971986092812,0.2852971986092812,0.2852971986092812,0.2852971986092812,0.2852971986092812,0.2852971986092812,0.5138235865146658,0.5138235865146658,0.5138235865146658,0.5138235865146658,0.5138235865146658,0.5138235865146658,0.6530202222650634
SIMULATION,2.1.36.0.0,Sensitivity: 1,Landscape seed: -1636385187,Starting Location[0.1.0.0.0],K Value:2
GENERATION,0
STRATEGY_ROW,Look,Walk,Look,Look,Walk,Look,Walk,Look,Look,Walk,Look,Look,Look,Look,Walk,Look,Walk,Look,Look,Look
FITNESS_ROW,0.027144753974182357,0.1869323966304625,0.1869323966304625,0.1869323966304625,0.32549572869860843,0.32549572869860843,0.3444021927670258,0.3444021927670258,0.3444021927670258,0.4200280490406954,0.4200280490406954,0.4200280490406954,0.4200280490406954,0.4200280490406954,0.5334668334511998,0.5334668334511998,0.5334668334511998,0.5334668334511998,0.5334668334511998,0.5334668334511998
COMPARISON_STRATEGIES
PureWalk
STRATEGY_ROW,Walk,Walk,Walk,Walk,Walk,Walk,Walk,Walk,Walk,Walk,Walk,Walk,Walk,Walk,Walk,Walk,Walk,Walk,Walk,Walk
FITNESS_ROW,0.07032179130486611,0.068828641493121,0.07661265503725292,0.06895202866290366,0.11859382680815253,0.07920148870253381,0.1161371355357109,0.07893971131357556,0.1355344503001731,0.08155057501029973,0.1297930450582227,0.0743897181552069,0.13070879018642928,0.07432840478037345,0.13555809543294156,0.08196638845129502,0.1336682340057121,0.08102479505301646,0.13932207682184988,0.07539007589778543
Steep Hill Climb
STRATEGY_ROW,Look,Look,Look,Look,Look,Walk,Look,Look,Look,Look,Look,Walk,Look,Look,Look,Look,Look,Walk
FITNESS_ROW,0.027144753974181736,0.027144753974181736,0.027144753974181736,0.027144753974181736,0.027144753974181736,0.19725467219770668,0.19725467219770668,0.19725467219770668,0.19725467219770668,0.19725467219770668,0.19725467219770668,0.6699162739081428,0.6699162739081428,0.6699162739081428,0.6699162739081428,0.6699162739081428,0.6699162739081428,0.6699162739081428
AlternateLookWalk
STRATEGY_ROW,Walk,Look,Look,Look,Look,Look,Walk,Look,Look,Look,Look,Look,Walk
FITNESS_ROW,0.07574876260468356,0.07574876260468356,0.07574876260468356,0.07574876260468356,0.07574876260468356,0.07574876260468356,0.33482908672450756,0.33482908672450756,0.33482908672450756,0.33482908672450756,0.33482908672450756,0.33482908672450756,0.38157739863004786
SIMULATION,2.1.37.0.0,Sensitivity: 1,Landscape seed: 1803662354,Starting Location[0.0.1.1.0],K Value:2
GENERATION,0
STRATEGY_ROW,Walk,Walk,Look,Look,Walk,Walk,Walk,Look,Look,Look,Walk,Look,Walk,Walk,Walk,Look,Walk,Look,Walk,Look
FITNESS_ROW,0.015276518583653703,0.022876033255446536,0.022876033255446536,0.022876033255446536,0.17620505316534113,0.06362344437228894,0.09857146746966342,0.09857146746966342,0.09857146746966342,0.09857146746966342,0.17607675856654997,0.17607675856654997,0.25468050630217,0.0710271620347473,0.06914662785661209,0.06914662785661209,0.16844137969365292,0.16844137969365292,0.22299769623821558,0.22299769623821558
COMPARISON_STRATEGIES
PureWalk
STRATEGY_ROW,Walk,Walk,Walk,Walk,Walk,Walk,Walk,Walk,Walk,Walk,Walk,Walk,Walk,Walk,Walk,Walk,Walk,Walk,Walk,Walk
FITNESS_ROW,0.018817036550715704,0.03676449148176237,0.05812990572585113,0.039464856305440346,0.07875746557325955,0.03701882287446719,0.07069054712675413,0.03495055247779821,0.06912931290367787,0.038907032619738526,0.09036794400139503,0.03581511234618934,0.07463991596285073,0.03814679642010099,0.08038010047066328,0.040146004603893753,0.07526294585350222,0.03626927330480777,0.08222025599493643,0.041659231700750664
Steep Hill Climb
STRATEGY_ROW,Look,Look,Look,Look,Look,Walk,Look,Look,Look,Look,Look,Walk,Look,Look,Look,Look,Look,Walk
FITNESS_ROW,2.5199540977096272E-8,2.5199540977096272E-8,2.5199540977096272E-8,2.5199540977096272E-8,2.5199540977096272E-8,0.0835381341589154,0.0835381341589154,0.0835381341589154,0.0835381341589154,0.0835381341589154,0.0835381341589154,0.2087125910478868,0.2087125910478868,0.2087125910478868,0.2087125910478868,0.2087125910478868,0.2087125910478868,0.2087125910478868
AlternateLookWalk
STRATEGY_ROW,Walk,Look,Look,Look,Look,Look,Walk,Look,Look,Look,Look,Look,Walk
FITNESS_ROW,0.018111583871204675,0.018111583871204675,0.018111583871204675,0.018111583871204675,0.018111583871204675,0.018111583871204675,0.1445138040378813,0.1445138040378813,0.1445138040378813,0.1445138040378813,0.1445138040378813,0.1445138040378813,0.6779460245564898
SIMULATION,2.1.38.0.0,Sensitivity: 1,Landscape seed: -855514202,Starting Location[0.1.0.0.0],K Value:2
GENERATION,0
STRATEGY_ROW,Look,Walk,Walk,Look,Look,Look,Look,Walk,Walk,Look,Walk,Walk,Look,Look,Look,Walk,Look,Look,Walk,Look
FITNESS_ROW,0.20272367694537874,0.5216342061672272,0.13584489332521485,0.13584489332521485,0.13584489332521485,0.13584489332521485,0.13584489332521485,0.5527053753751052,0.0915320327805199,0.0915320327805199,0.2528308379249008,0.2606524873053233,0.2606524873053233,0.2606524873053233,0.2606524873053233,0.6451023276818616,0.6451023276818616,0.6451023276818616,0.7461875125900488,0.7461875125900488
COMPARISON_STRATEGIES
PureWalk
STRATEGY_ROW,Walk,Walk,Walk,Walk,Walk,Walk,Walk,Walk,Walk,Walk,Walk,Walk,Walk,Walk,Walk,Walk,Walk,Walk,Walk,Walk
FITNESS_ROW,0.21350034556446656,0.07131808704422372,0.16997882372210266,0.12921788543811086,0.16854241222432897,0.16302579553663718,0.16984909374267546,0.17297696628195758,0.1857994554150817,0.15246060284562687,0.173663998131225,0.16077314277499513,0.1683537138229456,0.1608031956122898,0.16115703672172918,0.15709426838355056,0.17911173927046328,0.16019389286514651,0.1714992598086037,0.18581066874465924
Steep Hill Climb
STRATEGY_ROW,Look,Look,Look,Look,Look,Walk,Look,Look,Look,Look,Look,Walk,Look,Look,Look,Look,Look,Walk
FITNESS_ROW,0.20272367694537638,0.20272367694537638,0.20272367694537638,0.20272367694537638,0.20272367694537638,1.0,1.0,1.0,1.0,1.0,1.0,1.0,1.0,1.0,1.0,1.0,1.0,1.0
AlternateLookWalk
STRATEGY_ROW,Walk,Look,Look,Look,Look,Look,Walk,Look,Look,Look,Look,Look,Walk
FITNESS_ROW,0.20546425191688322,0.20546425191688322,0.20546425191688322,0.20546425191688322,0.20546425191688322,0.20546425191688322,0.3613820267632252,0.3613820267632252,0.3613820267632252,0.3613820267632252,0.3613820267632252,0.3613820267632252,0.748963215864694
SIMULATION,2.1.39.0.0,Sensitivity: 1,Landscape seed: -1068388781,Starting Location[0.1.0.0.1],K Value:2
GENERATION,0
STRATEGY_ROW,Walk,Walk,Look,Walk,Walk,Look,Walk,Walk,Walk,Walk,Look,Look,Look,Look,Walk,Look,Walk,Look,Look,Walk
FITNESS_ROW,0.009603008477050234,0.023954752894651515,0.023954752894651515,0.044533555931086814,0.09021434084443226,0.09021434084443226,0.16051471619931987,0.033181480653647955,0.11374180936404096,0.06433655499517077,0.06433655499517077,0.06433655499517077,0.06433655499517077,0.06433655499517077,0.2642341167817183,0.2642341167817183,0.3369602346000979,0.3369602346000979,0.3369602346000979,0.4179267556538806
COMPARISON_STRATEGIES
PureWalk
STRATEGY_ROW,Walk,Walk,Walk,Walk,Walk,Walk,Walk,Walk,Walk,Walk,Walk,Walk,Walk,Walk,Walk,Walk,Walk,Walk,Walk,Walk
FITNESS_ROW,0.009571901952928528,0.038942582463848234,0.03508997276161483,0.0742238057612023,0.04715711445776275,0.07699494537932612,0.05128079470111699,0.07957378310587117,0.05637185404400238,0.09099870987924755,0.05640603127969392,0.09612927000924594,0.053196239769469744,0.10234542530404417,0.05774834199010626,0.10080522986135024,0.05228150521711499,0.09055711907218654,0.05793679187378236,0.1032685997253519
Steep Hill Climb
STRATEGY_ROW,Look,Look,Look,Look,Look,Walk,Look,Look,Look,Look,Look,Walk,Look,Look,Look,Look,Look,Walk
FITNESS_ROW,9.321273449593921E-4,9.321273449593921E-4,9.321273449593921E-4,9.321273449593921E-4,9.321273449593921E-4,0.023833338529080376,0.023833338529080376,0.023833338529080376,0.023833338529080376,0.023833338529080376,0.023833338529080376,0.3362798016263303,0.3362798016263303,0.3362798016263303,0.3362798016263303,0.3362798016263303,0.3362798016263303,0.3362798016263303
AlternateLookWalk
STRATEGY_ROW,Walk,Look,Look,Look,Look,Look,Walk,Look,Look,Look,Look,Look,Walk
FITNESS_ROW,0.009355330007330723,0.009355330007330723,0.009355330007330723,0.009355330007330723,0.009355330007330723,0.009355330007330723,0.15412296008112372,0.15412296008112372,0.15412296008112372,0.15412296008112372,0.15412296008112372,0.15412296008112372,0.20773169150056287
SIMULATION,2.1.40.0.0,Sensitivity: 1,Landscape seed: -1803479111,Starting Location[1.0.1.1.0],K Value:2
GENERATION,0
STRATEGY_ROW,Look,Look,Look,Look,Look,Look,Look,Look,Walk,Look,Walk,Look,Look,Walk,Look,Look,Look,Walk,Look,Walk
FITNESS_ROW,0.012385694012778801,0.012385694012778801,0.012385694012778801,0.012385694012778801,0.012385694012778801,0.012385694012778801,0.012385694012778801,0.012385694012778801,0.6073539822662206,0.6073539822662206,0.7172948672316789,0.7172948672316789,0.7172948672316789,0.8272357521971372,0.8272357521971372,0.8272357521971372,0.8272357521971372,0.9371766371625954,0.9371766371625954,0.9528824778719465
COMPARISON_STRATEGIES
PureWalk
STRATEGY_ROW,Walk,Walk,Walk,Walk,Walk,Walk,Walk,Walk,Walk,Walk,Walk,Walk,Walk,Walk,Walk,Walk,Walk,Walk,Walk,Walk
FITNESS_ROW,0.12163152705315036,0.06964677294332235,0.06937790433054092,0.07402999476554545,0.051460287134096144,0.063463926421414,0.053376934192651736,0.05805273851002199,0.05207763019889955,0.06437278093959352,0.05686613278247129,0.07342129327914765,0.048013484597176644,0.06657215435144452,0.053857039823898674,0.06859592350326059,0.0551175636799387,0.06953121901796692,0.05446611153528372,0.08319934581395703
Steep Hill Climb
STRATEGY_ROW,Look,Look,Look,Look,Look,Walk,Look,Look,Look,Look,Look,Walk,Look,Look,Look,Look,Look,Walk
FITNESS_ROW,0.012385694012778569,0.012385694012778569,0.012385694012778569,0.012385694012778569,0.012385694012778569,0.6073539822662134,0.6073539822662134,0.6073539822662134,0.6073539822662134,0.6073539822662134,0.6073539822662134,1.0,1.0,1.0,1.0,1.0,1.0,1.0
AlternateLookWalk
STRATEGY_ROW,Walk,Look,Look,Look,Look,Look,Walk,Look,Look,Look,Look,Look,Walk
FITNESS_ROW,0.11892471468677365,0.11892471468677365,0.11892471468677365,0.11892471468677365,0.11892471468677365,0.11892471468677365,0.40971960048163436,0.40971960048163436,0.40971960048163436,0.40971960048163436,0.40971960048163436,0.40971960048163436,0.5249741730535563
SIMULATION,2.1.41.0.0,Sensitivity: 1,Landscape seed: 1539974180,Starting Location[0.1.0.1.1],K Value:2
GENERATION,0
STRATEGY_ROW,Walk,Walk,Walk,Look,Look,Walk,Walk,Look,Look,Look,Look,Walk,Walk,Walk,Walk,Look,Walk,Look,Walk,Look
FITNESS_ROW,0.034338713513321406,0.011291203650836303,0.026119505250422507,0.026119505250422507,0.026119505250422507,0.12145782564477817,0.1011470380738316,0.1011470380738316,0.1011470380738316,0.1011470380738316,0.1011470380738316,0.2484791817056121,0.05507915095224376,0.11619988560508031,0.1767726030860287,0.1767726030860287,0.2140938680066853,0.2140938680066853,0.23569296923782027,0.23569296923782027
COMPARISON_STRATEGIES
PureWalk
STRATEGY_ROW,Walk,Walk,Walk,Walk,Walk,Walk,Walk,Walk,Walk,Walk,Walk,Walk,Walk,Walk,Walk,Walk,Walk,Walk,Walk,Walk
FITNESS_ROW,0.011898926011788569,0.009963696439871375,0.022530524090528675,0.05463168403567413,0.038281770136532875,0.09202661715829441,0.0475910292435829,0.08840291665616035,0.04862834150589173,0.09031388230274603,0.05090260630740596,0.0863012689509914,0.050666897226351135,0.09792856516940891,0.049104446552310096,0.09003982425721302,0.04914920482082935,0.08823514954371589,0.05072198614718448,0.08485966769900818
Steep Hill Climb
STRATEGY_ROW,Look,Look,Look,Look,Look,Walk,Look,Look,Look,Look,Look,Walk,Look,Look,Look,Look,Look,Walk
FITNESS_ROW,0.030989106085510792,0.030989106085510792,0.030989106085510792,0.030989106085510792,0.030989106085510792,0.04145662929741874,0.04145662929741874,0.04145662929741874,0.04145662929741874,0.04145662929741874,0.04145662929741874,0.04145662929741874,0.04145662929741874,0.04145662929741874,0.04145662929741874,0.04145662929741874,0.04145662929741874,0.04145662929741874
AlternateLookWalk
STRATEGY_ROW,Walk,Look,Look,Look,Look,Look,Walk,Look,Look,Look,Look,Look,Walk
FITNESS_ROW,0.012131541298438412,0.012131541298438412,0.012131541298438412,0.012131541298438412,0.012131541298438412,0.012131541298438412,0.033009338065408934,0.033009338065408934,0.033009338065408934,0.033009338065408934,0.033009338065408934,0.033009338065408934,0.04145662929741874
SIMULATION,2.1.42.0.0,Sensitivity: 1,Landscape seed: 1553183039,Starting Location[0.1.0.0.0],K Value:2
GENERATION,0
STRATEGY_ROW,Look,Look,Walk,Look,Walk,Look,Walk,Look,Look,Look,Look,Look,Look,Walk,Look,Look,Walk,Look,Look,Look
FITNESS_ROW,7.183274072108599E-4,7.183274072108599E-4,0.1512546102171082,0.1512546102171082,0.21894170104321123,0.21894170104321123,0.5235336097606745,0.5235336097606745,0.5235336097606745,0.5235336097606745,0.5235336097606745,0.5235336097606745,0.5235336097606745,0.9634997001303437,0.9634997001303437,0.9634997001303437,0.9634997001303437,0.9634997001303437,0.9634997001303437,0.9634997001303437
COMPARISON_STRATEGIES
PureWalk
STRATEGY_ROW,Walk,Walk,Walk,Walk,Walk,Walk,Walk,Walk,Walk,Walk,Walk,Walk,Walk,Walk,Walk,Walk,Walk,Walk,Walk,Walk
FITNESS_ROW,0.05485494001335319,0.08603960505626615,0.0639397321383119,0.08150805092083739,0.06852340459686397,0.08778373563490681,0.07327029982251405,0.08350097312359783,0.07453796463485954,0.08282109790604797,0.07080147586160933,0.08460200405447142,0.07910728160134105,0.08552853517583849,0.07324592253636449,0.0895945194293956,0.07541540811187128,0.08795842889338305,0.0729278720067622,0.08752097126651226
Steep Hill Climb
STRATEGY_ROW,Look,Look,Look,Look,Look,Walk,Look,Look,Look,Look,Look,Walk,Look,Look,Look,Look,Look,Walk
FITNESS_ROW,7.183274072108638E-4,7.183274072108638E-4,7.183274072108638E-4,7.183274072108638E-4,7.183274072108638E-4,0.15391136467371544,0.15391136467371544,0.15391136467371544,0.15391136467371544,0.15391136467371544,0.15391136467371544,1.0,1.0,1.0,1.0,1.0,1.0,1.0
AlternateLookWalk
STRATEGY_ROW,Walk,Look,Look,Look,Look,Look,Walk,Look,Look,Look,Look,Look,Walk
FITNESS_ROW,0.058845141180746956,0.058845141180746956,0.058845141180746956,0.058845141180746956,0.058845141180746956,0.058845141180746956,0.4422762305639583,0.4422762305639583,0.4422762305639583,0.4422762305639583,0.4422762305639583,0.4422762305639583,0.4949073090443657
SIMULATION,2.1.43.0.0,Sensitivity: 1,Landscape seed: -1825735080,Starting Location[1.1.1.0.0],K Value:2
GENERATION,0
STRATEGY_ROW,Look,Walk,Look,Walk,Walk,Look,Look,Look,Walk,Look,Look,Look,Look,Walk,Look,Look,Look,Look,Walk,Look
FITNESS_ROW,1.272499315227655E-4,0.03999021088381469,0.03999021088381469,0.17169134511099343,0.11039892221401926,0.11039892221401926,0.11039892221401926,0.11039892221401926,0.2718665486331975,0.2718665486331975,0.2718665486331975,0.2718665486331975,0.2718665486331975,0.4726063723852447,0.4726063723852447,0.4726063723852447,0.4726063723852447,0.4726063723852447,0.534468756349095,0.534468756349095
COMPARISON_STRATEGIES
PureWalk
STRATEGY_ROW,Walk,Walk,Walk,Walk,Walk,Walk,Walk,Walk,Walk,Walk,Walk,Walk,Walk,Walk,Walk,Walk,Walk,Walk,Walk,Walk
FITNESS_ROW,0.01927200561009063,0.0992827081693211,0.03889867102809846,0.0873421180134827,0.04583479678741027,0.06501573083376648,0.0413563857091272,0.08511515984532005,0.04301582390181451,0.0808033692225207,0.04064947307245303,0.07738590103127485,0.040635600394312806,0.08178019268542625,0.04141225269693717,0.0723002449375628,0.038291246021850786,0.0675272457002709,0.04452901462660232,0.0843242500422335
Steep Hill Climb
STRATEGY_ROW,Look,Look,Look,Look,Look,Walk,Look,Look,Look,Look,Look,Walk,Look,Look,Look,Look,Look,Walk
FITNESS_ROW,1.2724993152276828E-4,1.2724993152276828E-4,1.2724993152276828E-4,1.2724993152276828E-4,1.2724993152276828E-4,0.08124445019341485,0.08124445019341485,0.08124445019341485,0.08124445019341485,0.08124445019341485,0.08124445019341485,0.08124445019341485,0.08124445019341485,0.08124445019341485,0.08124445019341485,0.08124445019341485,0.08124445019341485,0.08124445019341485
AlternateLookWalk
STRATEGY_ROW,Walk,Look,Look,Look,Look,Look,Walk,Look,Look,Look,Look,Look,Walk
FITNESS_ROW,0.01928814368034723,0.01928814368034723,0.01928814368034723,0.01928814368034723,0.01928814368034723,0.01928814368034723,0.42398562421523683,0.42398562421523683,0.42398562421523683,0.42398562421523683,0.42398562421523683,0.42398562421523683,0.49810298405849285
SIMULATION,2.1.44.0.0,Sensitivity: 1,Landscape seed: -296016332,Starting Location[1.1.1.1.0],K Value:2
GENERATION,0
STRATEGY_ROW,Walk,Walk,Look,Look,Walk,Look,Walk,Look,Walk,Look,Walk,Look,Look,Walk,Look,Look,Walk,Look,Walk,Look
FITNESS_ROW,0.005302179826862417,0.012566195890407963,0.012566195890407963,0.012566195890407963,0.02857112306580458,0.02857112306580458,0.06332428050116105,0.06332428050116105,0.10646129334829223,0.10646129334829223,0.1510041289849483,0.1510041289849483,0.1510041289849483,0.2791070367864254,0.2791070367864254,0.2791070367864254,0.3934003078001755,0.3934003078001755,0.47689244083465127,0.47689244083465127
COMPARISON_STRATEGIES
PureWalk
STRATEGY_ROW,Walk,Walk,Walk,Walk,Walk,Walk,Walk,Walk,Walk,Walk,Walk,Walk,Walk,Walk,Walk,Walk,Walk,Walk,Walk,Walk
FITNESS_ROW,0.010598369172552205,0.006040581777766496,0.015337563351703182,0.04171540974907218,0.018245559239047273,0.062137090765187135,0.018275866642382052,0.06371593208901555,0.019078221036229956,0.06944681519625076,0.01825805659714492,0.0637585482845495,0.018101402416495944,0.058669457270024206,0.017748832640054488,0.07923785353765696,0.01754325030917707,0.05711867362568033,0.017248801578298226,0.07393331087971208
Steep Hill Climb
STRATEGY_ROW,Look,Look,Look,Look,Look,Walk,Look,Look,Look,Look,Look,Walk,Look,Look,Look,Look,Look,Walk
FITNESS_ROW,1.0910405902316231E-5,1.0910405902316231E-5,1.0910405902316231E-5,1.0910405902316231E-5,1.0910405902316231E-5,0.0426688558508493,0.0426688558508493,0.0426688558508493,0.0426688558508493,0.0426688558508493,0.0426688558508493,0.044954486553685544,0.044954486553685544,0.044954486553685544,0.044954486553685544,0.044954486553685544,0.044954486553685544,0.13570668753866857
AlternateLookWalk
STRATEGY_ROW,Walk,Look,Look,Look,Look,Look,Walk,Look,Look,Look,Look,Look,Walk
FITNESS_ROW,0.009795552418196391,0.009795552418196391,0.009795552418196391,0.009795552418196391,0.009795552418196391,0.009795552418196391,0.02141658622488818,0.02141658622488818,0.02141658622488818,0.02141658622488818,0.02141658622488818,0.02141658622488818,0.08319122439827985
SIMULATION,2.1.45.0.0,Sensitivity: 1,Landscape seed: -49682334,Starting Location[1.0.0.0.0],K Value:2
GENERATION,0
STRATEGY_ROW,Look,Walk,Walk,Walk,Look,Walk,Walk,Walk,Walk,Look,Walk,Look,Look,Look,Walk,Look,Look,Look,Look,Walk
FITNESS_ROW,0.0033751426671196354,0.09256288304261893,0.0681768492371828,0.018677346417408397,0.018677346417408397,0.09577099487584328,0.07037359163175967,0.09103553340964723,0.026921569262397745,0.026921569262397745,0.098582953648561,0.098582953648561,0.098582953648561,0.098582953648561,0.28919296523157173,0.28919296523157173,0.28919296523157173,0.28919296523157173,0.28919296523157173,0.3989951047244342
COMPARISON_STRATEGIES
PureWalk
STRATEGY_ROW,Walk,Walk,Walk,Walk,Walk,Walk,Walk,Walk,Walk,Walk,Walk,Walk,Walk,Walk,Walk,Walk,Walk,Walk,Walk,Walk
FITNESS_ROW,0.07024978202298313,0.09688957137238252,0.06568732667148719,0.10267555843281022,0.07477088384093424,0.08244951424231166,0.06860266101176433,0.10433448592482593,0.07266250921993542,0.09878181414609591,0.07693395010699963,0.09910053179050812,0.0714193777065667,0.09233874232423303,0.07096248244625201,0.1014828434940156,0.07384062621843948,0.08837017622953315,0.06738184471945989,0.08739175467968209
Steep Hill Climb
STRATEGY_ROW,Look,Look,Look,Look,Look,Walk,Look,Look,Look,Look,Look,Walk,Look,Look,Look,Look,Look,Walk
FITNESS_ROW,0.003375142667119604,0.003375142667119604,0.003375142667119604,0.003375142667119604,0.003375142667119604,0.31628569802093853,0.31628569802093853,0.31628569802093853,0.31628569802093853,0.31628569802093853,0.31628569802093853,0.31628569802093853,0.31628569802093853,0.31628569802093853,0.31628569802093853,0.31628569802093853,0.31628569802093853,0.31628569802093853
AlternateLookWalk
STRATEGY_ROW,Walk,Look,Look,Look,Look,Look,Walk,Look,Look,Look,Look,Look,Walk
FITNESS_ROW,0.07831771775707319,0.07831771775707319,0.07831771775707319,0.07831771775707319,0.07831771775707319,0.07831771775707319,0.49765786771829246,0.49765786771829246,0.49765786771829246,0.49765786771829246,0.49765786771829246,0.49765786771829246,0.682831738111958
SIMULATION,2.1.46.0.0,Sensitivity: 1,Landscape seed: -876422402,Starting Location[1.0.1.1.0],K Value:2
GENERATION,0
STRATEGY_ROW,Look,Walk,Look,Look,Walk,Look,Look,Walk,Walk,Walk,Look,Look,Look,Look,Look,Walk,Look,Look,Look,Look
FITNESS_ROW,0.013411780495474536,0.2667976214995329,0.2667976214995329,0.2667976214995329,0.537507433519809,0.537507433519809,0.537507433519809,0.7109421459498806,0.21711428448509618,0.20508314455417703,0.20508314455417703,0.20508314455417703,0.20508314455417703,0.20508314455417703,0.20508314455417703,0.689101024330703,0.689101024330703,0.689101024330703,0.689101024330703,0.689101024330703
COMPARISON_STRATEGIES
PureWalk
STRATEGY_ROW,Walk,Walk,Walk,Walk,Walk,Walk,Walk,Walk,Walk,Walk,Walk,Walk,Walk,Walk,Walk,Walk,Walk,Walk,Walk,Walk
FITNESS_ROW,0.05697644781738318,0.15553109675601973,0.10623872927704886,0.15810562899113859,0.11187289694422775,0.14863326759427994,0.11761421950711595,0.14866292385726826,0.12334247668253637,0.16292085873499446,0.12677152127823038,0.16561992993364796,0.11357122327340319,0.14906788660071063,0.12230767735142023,0.16148431606841324,0.12546775868264337,0.16191688783964603,0.11543288341485736,0.16073053261477896
Steep Hill Climb
STRATEGY_ROW,Look,Look,Look,Look,Look,Walk,Look,Look,Look,Look,Look,Walk,Look,Look,Look,Look,Look,Walk
FITNESS_ROW,0.013411780495474488,0.013411780495474488,0.013411780495474488,0.013411780495474488,0.013411780495474488,0.27735536487470114,0.27735536487470114,0.27735536487470114,0.27735536487470114,0.27735536487470114,0.27735536487470114,1.0,1.0,1.0,1.0,1.0,1.0,1.0
AlternateLookWalk
STRATEGY_ROW,Walk,Look,Look,Look,Look,Look,Walk,Look,Look,Look,Look,Look,Walk
FITNESS_ROW,0.05067927909717285,0.05067927909717285,0.05067927909717285,0.05067927909717285,0.05067927909717285,0.05067927909717285,0.5314633886949652,0.5314633886949652,0.5314633886949652,0.5314633886949652,0.5314633886949652,0.5314633886949652,0.6351444191835283
SIMULATION,2.1.47.0.0,Sensitivity: 1,Landscape seed: 403217601,Starting Location[0.0.0.1.0],K Value:2
GENERATION,0
STRATEGY_ROW,Look,Walk,Look,Walk,Look,Look,Look,Look,Walk,Look,Look,Look,Look,Look,Look,Walk,Look,Look,Look,Look
FITNESS_ROW,0.0012372011785734547,0.1497919106065471,0.1497919106065471,0.24156495336976658,0.24156495336976658,0.24156495336976658,0.24156495336976658,0.24156495336976658,0.5352386902120692,0.5352386902120692,0.5352386902120692,0.5352386902120692,0.5352386902120692,0.5352386902120692,0.5352386902120692,0.608657124422645,0.608657124422645,0.608657124422645,0.608657124422645,0.608657124422645
COMPARISON_STRATEGIES
PureWalk
STRATEGY_ROW,Walk,Walk,Walk,Walk,Walk,Walk,Walk,Walk,Walk,Walk,Walk,Walk,Walk,Walk,Walk,Walk,Walk,Walk,Walk,Walk
FITNESS_ROW,0.05991902928192856,0.1330410905606849,0.056128749628169085,0.17246739317325183,0.05801325397319847,0.1489140456036732,0.05068050660536894,0.127086259283336,0.053709670103745104,0.1484431815387501,0.05473109281686102,0.14931810379727053,0.05385085521145307,0.15891161338059356,0.055982224132567836,0.15353534787723838,0.05683123566959555,0.14859255616527464,0.059065691507102315,0.16849562311223068
Steep Hill Climb
STRATEGY_ROW,Look,Look,Look,Look,Look,Walk,Look,Look,Look,Look,Look,Walk,Look,Look,Look,Look,Look,Walk
FITNESS_ROW,0.0012372011785734432,0.0012372011785734432,0.0012372011785734432,0.0012372011785734432,0.0012372011785734432,0.14979191060654992,0.14979191060654992,0.14979191060654992,0.14979191060654992,0.14979191060654992,0.14979191060654992,0.608657124422632,0.608657124422632,0.608657124422632,0.608657124422632,0.608657124422632,0.608657124422632,0.608657124422632
AlternateLookWalk
STRATEGY_ROW,Walk,Look,Look,Look,Look,Look,Walk,Look,Look,Look,Look,Look,Walk
FITNESS_ROW,0.05765180634351302,0.05765180634351302,0.05765180634351302,0.05765180634351302,0.05765180634351302,0.05765180634351302,0.6410846534593296,0.6410846534593296,0.6410846534593296,0.6410846534593296,0.6410846534593296,0.6410846534593296,0.7004311732924089
SIMULATION,2.1.48.0.0,Sensitivity: 1,Landscape seed: -862062435,Starting Location[1.1.0.1.0],K Value:2
GENERATION,0
STRATEGY_ROW,Walk,Walk,Look,Walk,Look,Walk,Look,Walk,Look,Look,Look,Look,Look,Look,Walk,Walk,Look,Look,Look,Walk
FITNESS_ROW,0.018797171450186143,0.009295938817777015,0.009295938817777015,0.028776944717802934,0.028776944717802934,0.05090353982135201,0.05090353982135201,0.2508462307235353,0.2508462307235353,0.2508462307235353,0.2508462307235353,0.2508462307235353,0.2508462307235353,0.2508462307235353,0.37506619224386273,0.08411322154596983,0.08411322154596983,0.08411322154596983,0.08411322154596983,0.4072153728183679
COMPARISON_STRATEGIES
PureWalk
STRATEGY_ROW,Walk,Walk,Walk,Walk,Walk,Walk,Walk,Walk,Walk,Walk,Walk,Walk,Walk,Walk,Walk,Walk,Walk,Walk,Walk,Walk
FITNESS_ROW,0.027981305775843405,0.01636564404099714,0.031670398480237665,0.03292279874734049,0.067538608021881,0.038217872236668476,0.0858200597792677,0.03976623294666507,0.09347386920157971,0.04222876004131405,0.0853862281712247,0.044801160575419274,0.08167421871288626,0.04193190584268308,0.08181049478642982,0.041209563589975726,0.08968419044892749,0.04283979013380832,0.09172096986813899,0.04325711705387261
Steep Hill Climb
STRATEGY_ROW,Look,Look,Look,Look,Look,Walk,Look,Look,Look,Look,Look,Walk,Look,Look,Look,Look,Look,Walk
FITNESS_ROW,0.002060715672783916,0.002060715672783916,0.002060715672783916,0.002060715672783916,0.002060715672783916,0.0974681410658844,0.0974681410658844,0.0974681410658844,0.0974681410658844,0.0974681410658844,0.0974681410658844,0.10408953353469053,0.10408953353469053,0.10408953353469053,0.10408953353469053,0.10408953353469053,0.10408953353469053,0.2099901770650375
AlternateLookWalk
STRATEGY_ROW,Walk,Look,Look,Look,Look,Look,Walk,Look,Look,Look,Look,Look,Walk
FITNESS_ROW,0.02694312343883261,0.02694312343883261,0.02694312343883261,0.02694312343883261,0.02694312343883261,0.02694312343883261,0.06004356643947747,0.06004356643947747,0.06004356643947747,0.06004356643947747,0.06004356643947747,0.06004356643947747,0.1488431461659022
SIMULATION,2.1.49.0.0,Sensitivity: 1,Landscape seed: -229698876,Starting Location[0.0.0.1.0],K Value:2
GENERATION,0
STRATEGY_ROW,Look,Walk,Look,Walk,Look,Walk,Walk,Look,Look,Look,Look,Look,Walk,Look,Look,Walk,Look,Look,Look,Look
FITNESS_ROW,0.0036316604393841477,0.05675771425826915,0.05675771425826915,0.06410863636880566,0.06410863636880566,0.15111322267103092,0.2265199904715493,0.2265199904715493,0.2265199904715493,0.2265199904715493,0.2265199904715493,0.2265199904715493,0.42610442480145594,0.42610442480145594,0.42610442480145594,0.5756965841875816,0.5756965841875816,0.5756965841875816,0.5756965841875816,0.5756965841875816
COMPARISON_STRATEGIES
PureWalk
STRATEGY_ROW,Walk,Walk,Walk,Walk,Walk,Walk,Walk,Walk,Walk,Walk,Walk,Walk,Walk,Walk,Walk,Walk,Walk,Walk,Walk,Walk
FITNESS_ROW,0.019973199465680234,0.03950396867295476,0.09736680922177031,0.037861776387256775,0.11633955708386261,0.035260500572391405,0.11062403008806013,0.036555435432330426,0.12822636114578903,0.03950667601734405,0.12292336334584558,0.03685624003920357,0.1216842490809443,0.03730371869130339,0.11505387323938741,0.037368424420035004,0.1216211546678726,0.03977266580012417,0.13561045451212,0.03772481325022038
Steep Hill Climb
STRATEGY_ROW,Look,Look,Look,Look,Look,Walk,Look,Look,Look,Look,Look,Walk,Look,Look,Look,Look,Look,Walk
FITNESS_ROW,0.003631660439384104,0.003631660439384104,0.003631660439384104,0.003631660439384104,0.003631660439384104,0.05675771425826828,0.05675771425826828,0.05675771425826828,0.05675771425826828,0.05675771425826828,0.05675771425826828,0.10217791629545014,0.10217791629545014,0.10217791629545014,0.10217791629545014,0.10217791629545014,0.10217791629545014,1.0
AlternateLookWalk
STRATEGY_ROW,Walk,Look,Look,Look,Look,Look,Walk,Look,Look,Look,Look,Look,Walk
FITNESS_ROW,0.021310771514377557,0.021310771514377557,0.021310771514377557,0.021310771514377557,0.021310771514377557,0.021310771514377557,0.1500556409735342,0.1500556409735342,0.1500556409735342,0.1500556409735342,0.1500556409735342,0.1500556409735342,0.6712658770380778
